Date,Food ,Mines,Oil  ,Clths,Durbl,Chems,Cnsum,Cnstr,Steel,FabPr,Machn,Cars ,Trans,Utils,Rtail,Finan,Other
1980-01-01,3.86,13.77,13.88,2.83,4.72,3.99,-2.3,8.79,17.57,7.24,7.75,10.76,16.07,1.56,0.17,2.12,3.89
1980-02-01,-5.28,3.77,13.0,-0.89,-5.3,-1.6,-4.01,-2.1,0.13,-1.02,-3.82,-6.45,-6.56,-3.39,-5.35,-5.07,-1.36
1980-03-01,-8.96,-18.73,-17.87,-9.06,-5.55,-12.07,-2.8,-14.84,-18.64,-16.7,-12.76,-9.55,-12.91,-6.59,-8.06,-8.89,-9.77
1980-04-01,7.15,-0.53,6.84,3.71,2.2,4.84,5.06,4.04,2.31,4.01,0.1,-2.9,-0.63,12.0,4.75,6.81,6.48
1980-05-01,7.94,9.78,4.14,3.83,5.79,7.49,8.04,8.87,5.17,5.68,4.88,3.05,5.85,4.59,10.32,7.89,6.35
1980-06-01,2.33,10.71,5.97,3.34,2.71,2.08,0.34,4.98,2.4,5.2,3.86,2.08,1.14,4.54,2.34,4.84,1.81
1980-07-01,5.85,9.26,2.04,13.53,9.79,8.74,8.46,12.79,12.76,10.15,14.58,12.66,14.03,-0.1,10.63,3.26,7.53
1980-08-01,0.57,6.6,3.72,2.96,2.22,2.89,-0.71,1.43,1.11,2.25,2.43,3.07,1.15,-1.17,0.46,1.85,4.24
1980-09-01,-0.12,12.3,6.98,1.75,2.04,1.71,0.89,1.68,4.58,3.77,2.61,1.57,3.07,0.15,-0.44,2.58,1.95
1980-10-01,-0.94,-0.3,7.78,1.24,2.16,-1.27,-1.6,3.1,-1.03,5.35,2.1,-5.55,2.14,1.94,-1.48,0.12,1.0
1980-11-01,0.07,8.82,23.76,1.03,7.92,8.62,5.76,7.12,5.55,10.76,10.66,-1.12,15.08,7.38,0.69,5.63,7.82
1980-12-01,1.85,-8.16,-10.61,-1.9,-2.39,-1.91,3.87,-3.93,-4.32,-2.57,-2.23,-0.28,-0.65,-1.95,0.57,3.11,-0.98
1981-01-01,2.66,-8.78,-9.98,7.6,-1.61,1.5,-1.17,-2.43,0.71,-4.32,-7.4,-1.83,-2.94,-2.57,1.55,-2.52,-1.97
1981-02-01,2.29,-3.59,-0.41,1.95,8.21,3.96,3.19,3.94,2.57,1.63,1.49,6.5,-0.68,-1.27,3.9,1.97,2.74
1981-03-01,6.89,15.99,-2.16,7.27,4.4,2.35,4.58,7.7,19.93,6.64,4.5,8.13,7.82,2.98,13.04,6.9,5.65
1981-04-01,-0.07,-2.86,-7.86,1.53,-0.76,-2.33,2.56,-1.69,-1.59,-0.22,-0.19,2.19,1.89,-2.68,4.17,0.64,2.57
1981-05-01,2.45,0.04,-3.85,1.36,0.49,-1.82,1.43,0.51,-0.09,0.86,2.63,3.39,2.61,1.82,3.1,2.77,3.96
1981-06-01,-0.58,-3.2,4.84,0.88,-3.02,2.7,-2.49,-1.78,-6.35,-3.49,-5.64,-3.2,-5.27,3.44,-1.21,1.68,-3.08
1981-07-01,-1.33,4.15,8.06,-0.8,-2.84,-5.09,-2.84,-4.14,0.15,-0.03,-2.78,-2.98,-5.65,2.8,-3.27,-3.1,-1.94
1981-08-01,-4.92,-0.03,-6.46,-5.82,-7.06,-7.12,-5.16,-5.2,-7.37,-5.57,-6.76,-9.09,-9.48,-0.83,-6.29,-5.18,-5.68
1981-09-01,-1.89,-14.9,-12.45,-2.92,-3.26,-8.52,-1.31,-10.11,-9.43,-7.54,-5.96,-3.71,-5.52,-5.53,-2.19,-2.5,-3.12
1981-10-01,8.6,3.75,10.29,2.92,1.14,5.42,6.16,1.49,1.37,7.56,3.75,-9.05,8.67,4.88,6.22,7.47,6.99
1981-11-01,2.03,2.25,6.93,0.24,6.07,3.76,3.73,6.33,4.4,-0.74,3.16,2.99,1.64,5.92,0.95,5.66,3.96
1981-12-01,0.1,-6.11,-6.61,-1.41,-0.76,-1.75,-1.68,-2.61,-2.69,-0.77,-0.55,3.04,-1.93,-2.33,-1.92,-3.86,-2.26
1982-01-01,-0.52,-11.33,-8.64,-0.3,3.75,-4.29,2.43,-7.23,-8.86,-2.78,1.26,-0.62,-3.71,-0.67,0.98,-2.17,-1.7
1982-02-01,-0.74,-8.42,-11.55,-4.31,-3.8,-6.35,-2.24,-7.19,-4.7,-5.4,-5.82,-2.61,-5.25,-0.36,-0.81,-2.92,-4.16
1982-03-01,3.42,-10.28,-3.66,0.56,2.37,-1.2,-1.22,-2.69,-5.15,-6.24,-3.57,4.13,0.38,1.66,5.8,-1.06,-0.14
1982-04-01,6.78,0.42,4.62,7.91,1.18,5.2,6.41,2.44,1.6,3.01,5.77,5.01,4.92,3.84,5.81,3.28,3.9
1982-05-01,-2.4,-6.02,2.4,-1.17,-2.27,-4.32,-3.18,-5.46,-6.93,-2.16,-5.67,-0.35,-5.87,-0.52,-2.79,-5.55,-3.55
1982-06-01,2.0,-6.21,-6.48,0.85,2.49,-4.75,-0.61,-2.7,-6.85,-5.92,-2.54,2.63,-0.16,-2.21,3.63,-2.48,-1.59
1982-07-01,1.94,-5.65,-7.98,-0.48,1.93,-3.98,-0.65,-3.11,-4.57,-2.37,0.19,-3.85,-1.76,-2.57,0.68,-3.0,-0.6
1982-08-01,6.96,20.87,9.88,10.68,11.64,15.24,11.79,17.69,13.33,9.76,12.92,16.02,16.88,12.0,11.63,11.47,11.06
1982-09-01,4.02,0.44,1.76,8.36,0.11,-0.28,2.3,-0.54,-5.18,-0.7,-0.43,-1.34,-1.54,1.06,4.88,6.01,2.05
1982-10-01,7.38,17.63,5.54,14.09,12.78,12.78,9.06,18.43,9.25,14.64,14.64,16.92,15.93,4.73,16.63,15.2,13.75
1982-11-01,5.28,6.2,-4.75,8.33,9.23,2.95,3.34,11.7,3.65,5.51,9.63,7.87,7.32,0.16,11.1,6.55,7.68
1982-12-01,0.68,5.95,5.74,1.72,-2.22,-2.34,-0.73,2.99,5.72,-2.57,3.91,5.29,1.14,4.32,-2.87,-2.33,0.1
1983-01-01,-0.13,14.22,3.59,0.03,5.21,9.99,1.78,2.08,8.11,6.53,7.9,2.36,6.96,3.67,0.42,0.48,5.4
1983-02-01,1.69,-7.32,-0.58,8.57,6.82,4.48,1.88,4.34,3.89,4.84,2.95,1.71,5.74,1.59,7.95,5.43,3.75
1983-03-01,5.98,3.79,6.13,11.46,-2.44,0.68,4.25,5.84,2.94,2.07,0.43,-0.56,4.01,0.27,9.87,6.83,2.71
1983-04-01,5.02,9.09,9.42,8.35,6.02,8.91,5.18,5.55,3.05,5.01,6.95,15.44,4.98,4.76,9.14,9.1,6.77
1983-05-01,-0.91,6.54,1.5,0.91,-4.38,4.44,-4.09,2.85,9.57,4.87,3.05,-1.86,3.27,2.6,0.03,0.65,1.34
1983-06-01,1.54,1.0,6.63,8.59,5.34,1.05,5.06,-0.17,-2.02,1.34,5.75,12.52,7.66,-0.54,5.84,0.36,2.98
1983-07-01,-2.3,-5.01,-2.54,-4.33,-5.15,0.03,-3.54,-3.93,-0.81,0.19,-4.76,-1.93,-4.95,1.03,-2.18,-2.85,-5.26
1983-08-01,1.82,0.85,6.96,-4.56,-1.09,6.95,1.07,-4.39,7.77,-1.52,-0.66,-3.62,-3.9,1.52,-5.25,1.04,-1.51
1983-09-01,5.47,-5.8,-4.77,1.55,2.81,-0.46,3.27,3.35,-2.58,0.68,2.76,4.87,3.5,4.66,2.09,1.95,2.12
1983-10-01,2.2,-9.55,-2.01,-4.51,-2.09,-3.08,0.88,-4.82,-5.25,-0.55,-5.55,1.46,-0.51,3.07,-0.74,-2.99,-5.74
1983-11-01,2.46,8.87,-0.55,3.7,8.78,2.74,-0.63,7.41,9.52,6.31,2.41,-0.11,7.66,-1.61,4.4,3.98,4.09
1983-12-01,-0.57,-1.98,2.18,-3.01,1.22,-3.16,-2.87,-1.18,1.08,-0.95,1.44,1.24,-1.05,-3.69,-5.76,-0.75,-1.81
1984-01-01,0.39,-1.61,10.18,-6.44,-6.5,-4.04,0.27,-3.81,-1.96,-2.33,-4.97,-3.34,-3.37,1.45,-6.3,-0.46,-2.18
1984-02-01,-4.28,1.58,3.36,-3.56,-5.65,-7.27,-2.72,-5.86,-7.63,-7.56,-5.85,-6.69,-7.28,-3.33,-4.44,-4.6,-5.14
1984-03-01,1.17,5.59,0.97,0.09,2.05,5.94,0.05,4.32,5.82,3.67,2.39,-2.55,-0.77,-0.29,0.8,2.06,0.16
1984-04-01,0.49,-5.79,4.09,0.02,0.22,1.21,0.76,-2.75,-5.59,1.42,0.1,1.5,-1.07,-0.48,0.82,-1.16,0.45
1984-05-01,-1.89,-7.77,-4.78,-5.58,-3.48,-7.03,-3.39,-8.95,-9.48,-4.65,-6.39,-5.17,-3.9,-0.8,-4.99,-7.39,-5.3
1984-06-01,6.51,-5.08,-2.05,4.28,1.71,0.29,5.61,1.39,-1.5,11.18,1.09,3.28,5.77,0.45,7.91,2.3,6.31
1984-07-01,-1.01,-13.0,-7.58,-5.9,0.29,-2.07,-3.27,-3.02,-9.23,-2.46,-1.33,4.39,0.33,-0.01,1.21,-0.67,-1.59
1984-08-01,7.36,19.7,13.99,9.42,9.15,13.49,8.01,12.68,14.02,10.17,13.64,9.54,12.3,7.76,9.09,11.04,11.08
1984-09-01,2.46,0.13,2.17,-1.47,-2.93,-3.2,-1.24,0.77,-3.38,-2.16,-3.41,2.53,-0.87,4.82,0.1,3.23,-1.88
1984-10-01,2.16,-5.89,-4.26,-0.24,0.64,-1.15,2.93,0.28,-1.84,0.94,-0.55,2.97,4.57,3.34,-1.07,1.19,-0.68
1984-11-01,-0.3,-0.82,-1.14,-0.33,-1.55,-0.4,0.42,-0.06,-1.2,-2.61,-3.18,-2.98,-3.19,3.06,-3.23,0.35,-1.55
1984-12-01,2.47,-2.79,-0.54,0.92,2.71,0.6,2.99,1.91,2.2,2.44,2.33,4.84,4.13,2.63,-0.01,4.5,3.27
1985-01-01,1.94,15.77,6.64,11.54,9.89,7.05,4.41,12.62,10.6,5.54,12.15,8.85,9.95,2.39,12.48,8.88,10.3
1985-02-01,5.35,-4.04,4.0,2.38,0.35,2.48,4.18,0.01,-0.42,2.84,-1.34,-2.38,3.97,1.38,2.64,2.17,2.06
1985-03-01,6.15,5.16,1.51,-0.22,-4.3,-2.37,3.09,-4.61,-3.34,-3.38,-6.16,-4.89,-3.44,6.1,-0.51,0.09,1.01
1985-04-01,-1.32,-2.32,3.55,-0.67,-1.21,0.78,-2.72,-0.96,-4.88,-4.32,-3.27,-4.23,-3.31,1.61,0.28,2.54,-0.44
1985-05-01,10.71,2.8,1.07,8.34,4.84,7.81,7.04,6.0,1.59,5.45,3.43,6.92,10.21,5.45,11.21,6.24,5.46
1985-06-01,3.44,-0.32,-0.91,1.91,2.01,1.52,1.88,0.86,-0.74,1.54,-0.93,1.15,2.32,3.63,1.34,2.98,3.3
1985-07-01,-2.28,8.82,-0.51,2.21,2.56,4.1,-0.83,2.94,7.83,2.63,4.78,0.94,3.6,-4.7,-5.33,-1.36,-0.67
1985-08-01,2.44,-1.4,1.53,1.43,-2.96,-1.09,-0.24,-2.7,-1.9,-1.96,-2.44,-0.71,-0.85,1.91,-0.39,-0.4,-0.84
1985-09-01,3.24,-8.85,-1.34,-2.79,-3.73,-3.48,-2.8,-4.48,-4.49,-3.15,-4.12,-2.06,-7.42,-5.35,-4.21,-4.44,-5.17
1985-10-01,4.25,-1.57,5.8,7.29,0.56,4.95,4.94,3.01,-4.37,3.64,3.14,1.87,0.95,6.32,7.65,7.67,3.53
1985-11-01,9.35,5.24,1.31,7.0,12.81,6.18,10.3,8.66,6.01,8.88,8.84,7.56,6.3,4.24,7.9,7.64,6.67
1985-12-01,3.85,-2.77,-2.51,4.03,7.3,6.73,3.99,4.87,2.74,5.1,7.04,5.26,2.18,4.85,3.99,4.98,5.88
1986-01-01,1.15,2.31,-6.89,4.99,0.37,1.8,1.25,2.44,2.73,2.3,0.27,4.51,2.85,3.78,1.37,3.52,0.02
1986-02-01,8.9,-3.16,0.55,9.98,11.58,12.13,9.17,12.13,5.3,7.3,5.28,11.34,8.92,6.57,7.44,8.67,8.25
1986-03-01,8.79,2.37,0.83,7.22,4.81,6.36,11.47,10.84,3.94,1.77,0.87,11.35,4.98,3.96,8.83,5.87,4.9
1986-04-01,0.54,-5.1,0.61,-1.04,-1.42,2.18,0.3,-1.89,-5.46,-1.35,2.52,-6.72,-3.2,-3.97,0.11,-3.29,1.26
1986-05-01,7.86,3.11,7.42,7.78,4.32,5.82,8.52,5.2,1.62,3.62,0.79,4.14,1.63,3.63,11.14,5.0,5.08
1986-06-01,6.16,-3.75,-1.9,4.5,-0.6,0.66,7.2,-0.48,-3.48,-2.49,-4.53,-0.31,-0.33,5.04,4.55,1.96,2.26
1986-07-01,-4.84,-2.36,-5.23,-8.6,-8.66,-7.33,-4.41,-9.21,-16.42,-7.93,-8.02,-8.72,-9.05,5.15,-9.51,-5.49,-6.92
1986-08-01,1.82,14.62,16.9,2.58,6.07,6.11,3.17,7.58,9.84,6.16,7.49,6.98,5.82,7.9,1.22,7.14,5.86
1986-09-01,-11.37,2.32,-1.01,-8.74,-8.74,-4.94,-12.89,-6.99,4.83,-3.8,-6.93,-7.86,-2.57,-9.09,-8.6,-10.35,-8.38
1986-10-01,9.92,-0.25,1.8,7.34,7.34,8.17,8.98,6.75,3.78,3.54,0.19,6.69,3.81,5.25,7.92,3.43,6.64
1986-11-01,0.37,1.51,3.55,3.16,7.26,4.03,2.28,2.6,-7.41,1.26,3.78,2.8,1.12,0.55,1.93,-0.86,1.16
1986-12-01,-2.64,-2.49,-0.69,-4.53,0.26,-3.85,-0.18,-2.89,-2.42,-5.34,-3.22,-5.08,-4.77,-3.29,-6.91,-2.34,-2.71
1987-01-01,13.61,13.9,14.72,10.56,15.24,15.13,14.77,16.88,13.04,11.7,15.89,19.76,6.09,9.3,10.62,10.43,13.16
1987-02-01,4.41,12.34,-1.48,11.25,4.43,5.41,7.62,3.83,7.32,8.06,8.85,2.55,5.92,-2.14,11.44,3.9,5.0
1987-03-01,2.3,15.54,12.07,1.81,1.59,5.48,0.41,4.93,8.47,-0.96,2.65,6.04,-1.74,-1.67,2.34,-1.51,1.93
1987-04-01,-4.49,2.93,0.57,-1.71,-0.87,1.14,-2.66,-4.1,3.17,-0.6,3.9,7.36,-5.55,-4.33,-2.04,-4.95,-2.35
1987-05-01,2.17,-3.08,2.71,1.43,0.81,0.57,1.47,-1.85,4.37,-0.06,0.29,-2.89,4.05,-1.84,0.22,-0.77,1.53
1987-06-01,6.12,-1.4,5.98,6.48,4.04,4.86,4.92,6.41,3.65,3.27,0.89,2.29,5.32,3.4,6.54,4.97,5.47
1987-07-01,3.61,16.54,2.68,4.86,6.26,6.05,5.86,5.65,19.44,7.16,3.0,6.21,6.73,-1.67,6.21,1.83,5.49
1987-08-01,2.83,-2.79,2.33,0.21,6.24,2.63,4.86,2.13,-4.37,1.82,6.38,5.2,0.56,3.7,3.6,5.88,3.54
1987-09-01,-2.65,3.99,-3.78,-6.55,-1.0,-0.43,-1.67,-1.75,4.1,-1.32,-2.27,-7.51,-1.99,-2.31,-6.91,-2.36,-0.02
1987-10-01,-18.2,-32.05,-18.27,-31.44,-25.28,-27.91,-19.1,-29.24,-30.6,-28.55,-27.11,-27.12,-29.06,-6.92,-27.94,-21.27,-22.8
1987-11-01,-7.69,5.85,-10.96,-10.53,-10.96,-5.42,-9.46,-4.85,2.57,-6.51,-8.28,-6.69,-8.19,-2.51,-9.31,-7.12,-7.24
1987-12-01,7.78,6.04,6.16,9.06,8.57,14.9,5.69,8.39,10.52,7.57,11.83,8.57,7.12,0.55,7.68,3.62,8.83
1988-01-01,3.01,-7.87,8.96,6.37,-0.75,-2.65,5.54,3.77,-3.4,5.69,-1.92,7.84,8.06,9.77,6.56,8.94,3.28
1988-02-01,4.68,7.74,3.0,14.74,4.38,8.38,3.81,11.57,9.61,8.36,7.83,7.57,6.77,-1.42,10.84,3.02,5.59
1988-03-01,-0.26,8.66,2.05,2.26,-5.46,-1.96,-3.94,1.04,-3.56,1.09,-3.78,-1.31,1.73,-3.18,-1.66,-2.73,-1.82
1988-04-01,0.12,1.55,4.51,-0.26,1.06,1.79,-1.47,2.33,5.68,-0.46,2.91,3.9,-0.37,-0.29,1.9,-0.59,0.43
1988-05-01,-0.11,0.49,-0.46,-1.26,1.78,-2.17,-0.68,-1.17,-0.55,-0.56,-1.14,1.1,-0.05,3.58,-1.35,1.99,0.18
1988-06-01,2.22,1.72,-1.82,6.77,6.76,9.82,1.87,9.02,6.49,6.87,8.8,8.68,8.41,3.22,6.39,5.55,5.97
1988-07-01,1.09,-1.31,3.56,0.57,0.22,-4.1,1.72,-2.74,1.49,-1.24,-4.57,-0.7,-1.44,-0.22,-0.45,0.22,-1.36
1988-08-01,0.9,-4.51,-1.46,1.26,-4.49,-4.13,-0.96,-3.53,-4.98,-0.96,-7.67,-6.63,-3.18,-0.12,-2.55,-0.04,-3.26
1988-09-01,6.5,-2.39,-2.3,1.19,4.15,2.1,4.86,0.42,0.78,4.28,3.19,4.08,6.43,2.67,9.36,3.94,5.64
1988-10-01,12.47,-0.11,1.84,1.17,2.45,1.13,1.42,-0.03,4.31,-0.08,0.1,4.97,1.44,2.52,1.93,-0.19,0.85
1988-11-01,-0.56,0.72,-0.32,-5.28,-5.01,-2.21,-1.1,-3.17,-1.82,-0.23,-1.97,-0.1,-1.45,-0.48,-2.54,-2.61,-1.95
1988-12-01,2.5,-1.69,1.77,6.39,2.81,4.74,2.97,3.81,4.06,2.58,3.95,-0.57,1.4,1.04,1.22,-0.13,2.61
1989-01-01,5.07,2.55,6.29,5.23,6.3,10.5,6.43,6.02,11.94,3.62,6.73,9.01,7.73,2.74,6.36,6.76,7.33
1989-02-01,-1.62,5.91,-1.34,3.05,0.57,-2.18,-1.59,0.66,-3.61,-0.81,-3.84,-4.71,-0.24,-1.82,-1.82,-0.38,-1.8
1989-03-01,5.17,-2.4,3.79,4.43,0.7,2.38,5.71,1.44,-1.94,3.28,-3.89,-2.46,0.97,0.54,3.08,4.78,3.35
1989-04-01,5.75,-1.71,2.31,2.22,6.12,5.11,5.24,5.83,3.34,4.35,5.38,-0.38,4.82,3.94,5.78,3.82,7.92
1989-05-01,6.03,-4.39,2.76,3.22,1.09,0.73,4.41,3.2,1.17,3.28,4.49,1.36,2.83,5.37,5.81,4.06,5.18
1989-06-01,0.86,4.3,-1.07,-0.79,1.52,-2.7,-1.47,-0.89,-3.83,-1.25,-3.32,0.27,-2.57,3.38,-2.23,0.9,-0.24
1989-07-01,13.59,-0.74,3.9,8.49,6.92,6.91,13.99,8.99,6.64,6.71,5.66,4.41,7.5,5.8,10.01,8.11,7.96
1989-08-01,-4.09,6.98,3.43,4.51,0.54,7.57,1.25,2.89,7.96,5.12,2.03,7.74,7.93,-0.8,2.63,1.99,1.75
1989-09-01,-0.17,3.32,1.26,1.51,-2.58,-3.46,1.37,-1.63,-2.4,-4.39,-3.2,-5.82,-2.64,0.48,-2.45,2.1,1.75
1989-10-01,-1.47,-0.41,0.67,-5.59,-5.45,-5.83,1.38,-7.41,-9.21,-5.67,-4.58,-6.24,-7.26,1.0,-3.76,-4.09,-3.17
1989-11-01,3.59,10.64,3.83,-0.86,0.05,2.52,3.32,2.87,2.33,0.83,2.02,-2.21,-1.84,3.23,1.28,-0.52,1.46
1989-12-01,2.79,1.84,5.98,-1.14,-0.08,4.43,1.12,0.12,0.59,2.55,0.64,-1.7,2.39,4.79,0.77,-2.5,3.08
1990-01-01,-9.63,4.18,-4.35,-9.79,-7.12,-7.89,-7.09,-5.52,-8.79,-4.41,-2.08,-3.24,-6.09,-5.34,-6.05,-9.78,-10.83
1990-02-01,-0.29,0.1,3.13,2.08,0.54,2.69,-2.26,3.47,3.31,3.54,3.68,6.04,4.12,0.21,1.69,2.32,0.93
1990-03-01,5.55,-4.91,-0.66,5.72,4.21,1.1,4.44,5.08,6.29,4.9,3.98,3.29,5.03,-0.75,5.15,-1.6,3.53
1990-04-01,0.55,-8.74,-3.5,-1.58,-5.86,-3.72,1.77,-2.22,-7.02,0.19,-1.41,-3.94,-4.1,-5.5,-2.22,-4.19,-2.81
1990-05-01,11.59,7.88,6.17,6.63,6.49,7.13,10.38,11.15,7.37,7.94,10.06,8.24,7.56,5.43,11.61,9.29,9.88
1990-06-01,1.82,-5.63,-2.07,-2.84,-0.59,-2.29,5.14,-2.6,-1.46,1.11,-1.49,-2.29,-0.89,0.75,1.76,-1.88,-1.72
1990-07-01,0.32,9.29,8.24,-3.81,-4.75,0.36,2.95,0.52,5.66,-1.66,-3.63,-2.69,-3.14,0.89,-3.63,-4.7,-4.06
1990-08-01,-6.63,-6.94,-1.21,-15.76,-8.12,-12.78,-7.2,-11.97,-10.22,-12.55,-12.78,-13.89,-12.58,-6.62,-12.88,-10.99,-10.74
1990-09-01,-3.1,-1.45,-1.62,-14.34,-7.74,-6.73,-4.58,-8.85,-6.12,-9.65,-7.46,-10.76,-7.56,0.48,-9.37,-11.56,-3.81
1990-10-01,4.27,-16.05,-4.05,-8.48,-4.78,1.18,2.85,-6.26,-11.43,-3.08,-4.72,-2.61,-0.11,7.23,-2.97,-7.15,0.01
1990-11-01,5.17,-2.13,1.69,13.3,10.29,9.81,8.46,10.09,2.93,8.0,9.74,2.77,4.81,2.29,11.15,14.27,5.54
1990-12-01,3.95,9.47,-2.01,7.99,2.25,2.99,3.11,4.96,8.0,1.08,4.59,-1.54,4.72,0.78,2.83,5.52,3.71
1991-01-01,3.58,-8.74,-2.07,16.03,8.48,5.85,1.99,8.14,8.14,11.4,12.58,6.61,9.48,-1.37,10.65,7.25,5.27
1991-02-01,11.44,8.5,8.61,14.59,7.95,5.89,8.93,11.79,6.66,5.95,6.47,10.8,3.05,4.84,8.21,10.83,5.62
1991-03-01,5.84,-1.6,1.38,4.26,4.49,0.12,4.23,0.16,0.51,4.01,-0.46,-1.2,0.01,1.71,9.68,5.79,2.95
1991-04-01,-1.64,0.72,2.62,1.83,-1.33,3.46,-0.76,0.46,-0.14,0.48,-2.36,-2.15,1.37,-0.04,1.97,1.78,0.26
1991-05-01,3.27,1.51,-1.26,3.1,5.49,9.97,4.08,8.64,4.23,6.42,5.8,15.7,6.69,0.15,7.74,4.66,3.11
1991-06-01,-4.58,7.37,-3.8,-1.57,-5.81,-3.73,-4.47,-4.64,-4.72,-0.15,-7.72,-3.49,-4.02,-2.37,-4.9,-5.32,-3.89
1991-07-01,6.59,-2.12,5.12,5.8,3.6,5.31,7.72,5.28,4.46,4.16,2.96,-1.2,5.23,3.99,5.07,5.75,3.39
1991-08-01,5.9,-6.21,1.19,6.01,5.07,0.85,3.24,3.65,0.79,2.86,1.26,-3.19,1.24,3.51,4.19,4.45,2.01
1991-09-01,-3.91,3.71,-0.74,3.21,0.94,-3.28,-0.63,-2.93,-3.32,-0.87,-3.15,-2.19,-0.29,3.71,-3.86,-0.25,-0.53
1991-10-01,-0.12,1.97,2.2,-3.43,4.28,2.41,4.56,-2.72,-0.95,-1.21,-0.26,-3.82,5.3,1.25,-2.88,2.06,3.36
1991-11-01,0.75,-0.27,-7.62,-3.89,-1.76,-5.75,-2.07,-2.47,-7.66,-5.29,-5.81,-8.39,-6.97,1.89,-1.08,-5.21,-4.83
1991-12-01,15.19,0.05,2.21,14.5,10.37,10.3,15.76,15.46,7.0,10.48,9.71,6.48,11.88,4.99,13.28,13.37,12.04
1992-01-01,-4.72,6.02,-4.11,5.79,4.9,0.3,-4.62,2.7,3.25,3.75,4.6,9.63,0.57,-4.57,0.92,0.81,0.98
1992-02-01,0.05,-0.39,-0.45,4.1,0.21,2.66,-1.36,1.81,7.04,3.29,4.45,15.18,1.64,-1.24,2.43,2.93,0.43
1992-03-01,-1.48,-8.15,-2.85,-1.4,-3.69,0.62,-4.42,-1.76,-1.29,-4.26,-4.0,1.27,-2.11,-0.53,-1.55,-0.83,-2.7
1992-04-01,-0.21,-2.38,9.47,-2.97,0.25,6.1,0.11,0.08,3.7,1.62,0.53,10.29,2.73,2.69,-3.95,0.89,1.66
1992-05-01,1.75,7.62,3.22,-1.58,-0.18,-0.95,0.79,3.38,0.96,-1.19,-0.48,-1.8,-1.37,2.54,-0.67,2.52,-0.97
1992-06-01,-1.89,6.97,-3.35,-5.89,-4.46,-4.69,-5.54,-4.94,1.95,-6.47,-2.26,3.94,-4.03,0.54,-1.35,1.22,-2.09
1992-07-01,5.07,0.52,5.37,6.22,5.1,4.16,6.11,6.5,-0.14,5.52,1.69,-0.91,1.96,6.72,3.19,3.45,3.96
1992-08-01,1.55,-4.65,2.49,-1.24,-2.12,-4.51,-3.12,-0.26,-9.14,-0.15,-4.59,-10.83,-4.79,-0.47,-0.34,-3.3,-2.16
1992-09-01,1.07,0.44,0.18,4.19,3.36,0.23,-3.49,2.55,-0.49,-0.54,3.16,-0.9,1.66,0.83,4.49,3.31,1.68
1992-10-01,-1.06,-4.95,-3.55,0.66,-1.67,0.52,2.87,2.3,1.54,1.71,-1.06,-0.28,4.54,-0.43,4.52,2.81,2.51
1992-11-01,2.81,-6.62,-2.51,8.68,6.26,1.98,3.24,3.23,7.07,4.07,6.07,8.34,4.17,-0.23,7.29,6.57,5.68
1992-12-01,0.35,3.67,1.95,1.34,-0.52,0.92,-1.89,2.12,4.04,2.37,1.04,3.79,4.64,2.7,-0.53,4.61,2.39
1993-01-01,-1.66,-2.77,2.67,0.16,8.17,-2.18,-7.03,-0.47,6.53,1.6,4.11,9.82,0.33,2.45,0.01,3.74,1.2
1993-02-01,-2.3,3.69,6.05,-2.81,1.19,0.38,-4.1,4.18,-0.52,-1.44,0.18,-0.03,1.3,6.22,-1.54,0.94,-0.41
1993-03-01,-0.53,10.27,4.03,3.97,3.28,2.06,0.22,1.48,-0.78,3.91,2.22,5.65,4.06,1.76,3.06,4.29,2.4
1993-04-01,-10.86,2.8,1.06,-5.4,-5.9,2.95,0.66,-3.1,-2.21,-0.74,-1.96,3.76,1.07,-0.15,-8.81,-3.79,-2.82
1993-05-01,2.91,6.06,1.76,1.72,3.25,1.95,2.19,2.91,4.15,1.84,6.59,1.11,2.76,-0.04,5.51,0.4,5.02
1993-06-01,-0.46,3.42,-1.04,-8.38,-0.34,-3.94,-2.48,-2.07,1.3,-2.37,0.19,4.29,0.4,3.18,-3.5,3.9,1.48
1993-07-01,-2.53,6.72,0.48,-4.08,1.74,0.86,-6.78,0.37,-2.11,-2.72,-1.77,2.53,3.41,1.94,0.5,2.41,-0.38
1993-08-01,4.29,-6.77,4.23,5.31,7.66,3.49,3.54,3.27,2.88,5.08,5.83,-0.43,4.09,3.69,3.95,3.13,4.3
1993-09-01,-2.15,-8.02,1.35,-3.33,-0.62,-2.65,-0.39,-2.22,-4.39,0.59,-1.22,0.85,-0.72,-0.64,0.21,2.39,0.97
1993-10-01,5.94,6.66,-1.94,4.54,4.2,2.38,6.56,2.84,4.23,6.91,0.99,9.79,2.26,-1.96,5.22,-3.82,2.71
1993-11-01,0.2,-2.5,-5.98,1.07,-0.54,1.34,2.29,2.97,0.41,-0.09,0.84,1.54,1.25,-5.52,0.85,-3.85,-2.91
1993-12-01,1.59,10.71,0.6,0.51,1.27,2.64,1.15,1.21,6.73,3.62,5.15,4.24,3.75,1.61,-3.17,2.26,1.52
1994-01-01,-0.73,0.93,4.89,-2.76,2.1,8.42,0.86,2.51,10.39,0.63,4.33,8.23,3.79,-1.21,0.98,4.15,3.77
1994-02-01,-0.92,-0.93,-2.92,1.87,-1.36,-0.94,-4.92,0.14,-3.07,-0.59,0.94,-4.69,-1.65,-4.97,2.14,-4.04,-3.27
1994-03-01,-3.88,1.8,-3.57,-0.54,-3.52,-2.96,-7.17,-4.74,-5.64,-4.4,-3.98,-6.56,-5.3,-3.92,-5.01,-3.26,-5.0
1994-04-01,1.23,-9.48,4.21,0.27,-1.66,2.49,4.62,0.56,-0.94,0.27,-2.34,0.47,-0.42,2.13,0.05,2.49,0.03
1994-05-01,-1.31,0.87,0.88,-3.41,1.94,3.73,2.99,1.22,3.5,3.04,0.42,-2.18,-0.48,-5.35,-2.68,4.33,2.12
1994-06-01,-1.32,-2.33,-2.71,-3.81,-2.31,-2.84,-2.98,-3.08,0.86,-0.53,-4.54,-3.06,-1.65,-3.12,-2.07,-2.56,-2.33
1994-07-01,3.4,0.82,3.13,1.44,2.38,3.92,1.38,2.75,6.56,-0.73,4.7,3.71,0.97,5.16,0.91,2.83,3.45
1994-08-01,6.55,4.34,-0.21,5.19,4.58,6.21,10.7,5.84,5.29,3.38,6.59,-1.23,3.25,0.66,4.11,3.53,4.37
1994-09-01,0.9,5.63,-2.06,-3.49,-1.64,-0.78,0.63,-3.19,0.63,-2.57,-1.6,-5.32,-6.38,-2.77,-2.61,-4.77,-0.62
1994-10-01,2.56,-8.48,7.37,1.47,-0.3,-0.01,2.43,0.82,-3.72,1.61,4.55,-1.66,2.18,1.57,1.25,0.33,1.09
1994-11-01,-0.95,-9.43,-5.1,-3.67,-4.74,-7.69,1.02,-3.99,-8.47,-3.58,-3.64,-4.72,-3.83,0.27,-3.3,-5.37,-4.09
1994-12-01,1.41,2.5,-0.7,0.99,0.9,3.58,0.29,0.68,4.41,1.16,3.71,4.48,2.15,0.35,-4.11,1.35,1.96
1995-01-01,2.49,-6.18,0.24,-2.99,1.23,-2.56,5.87,1.27,-6.05,2.51,-0.2,-5.79,2.0,6.21,1.56,5.65,2.2
1995-02-01,2.69,4.31,4.73,2.51,5.05,6.05,1.75,2.8,3.44,4.25,6.86,4.63,6.87,0.82,2.85,4.91,3.7
1995-03-01,3.11,10.75,5.13,0.01,3.72,5.88,1.93,0.34,2.24,4.47,4.17,1.27,4.57,-1.75,4.33,1.18,2.36
1995-04-01,3.65,-1.42,2.29,-0.72,1.81,3.16,3.47,-0.14,0.15,1.16,7.96,1.76,3.52,2.38,-2.25,1.79,1.8
1995-05-01,5.08,-0.95,4.17,1.54,2.53,2.95,3.09,1.66,1.67,4.91,3.53,4.99,2.17,6.02,3.6,6.22,1.1
1995-06-01,1.79,0.93,-3.09,2.59,0.8,1.48,3.02,3.16,6.63,0.49,6.24,1.16,4.23,-0.45,5.25,1.77,5.37
1995-07-01,0.55,5.56,2.2,6.24,2.8,2.64,2.57,4.46,6.47,3.54,7.49,2.2,7.66,-0.37,3.12,4.19,5.62
1995-08-01,0.12,1.04,-1.63,0.16,0.92,-0.07,0.2,-1.64,-0.06,-1.24,-0.17,0.83,-0.27,0.99,-3.1,5.2,1.88
1995-09-01,8.15,0.29,1.24,1.74,0.1,2.53,7.88,1.96,-4.11,-4.07,1.3,-0.39,3.79,6.27,3.91,5.76,3.33
1995-10-01,1.8,-8.61,-0.19,-5.27,-1.96,-5.59,3.12,-2.36,-5.94,-6.72,0.96,-5.27,-2.15,1.48,-6.7,-1.93,-1.21
1995-11-01,4.31,8.1,4.88,2.39,5.55,6.37,5.38,7.27,8.11,7.29,0.1,5.41,7.49,1.58,5.91,6.76,3.54
1995-12-01,1.52,2.57,5.72,2.29,-1.31,2.08,4.06,1.98,-0.41,-0.58,-2.07,4.37,1.09,5.09,-1.99,1.25,1.75
1996-01-01,3.12,14.06,-0.46,-3.0,3.14,5.55,5.4,1.42,3.9,1.22,3.43,3.11,0.78,1.86,0.21,3.9,1.95
1996-02-01,3.29,2.21,1.05,2.26,1.03,3.15,-1.13,-1.93,-0.71,5.95,4.79,1.81,3.33,-2.65,5.86,2.13,0.71
1996-03-01,-1.48,0.04,4.93,7.96,0.91,5.66,0.32,4.15,5.43,1.55,-2.28,6.64,3.44,-0.51,6.41,1.0,0.29
1996-04-01,-0.45,0.89,3.67,4.66,4.51,-1.1,-0.78,2.07,1.98,5.13,6.72,3.25,1.85,-2.66,4.44,-1.06,4.72
1996-05-01,7.14,4.2,0.42,6.86,3.23,-0.44,4.6,3.36,-0.12,1.34,3.52,1.63,0.88,1.32,4.15,1.44,2.39
1996-06-01,3.91,-10.47,0.99,0.03,-0.36,-2.37,1.93,0.89,-5.56,-0.23,-4.55,-5.12,-0.46,5.25,-1.64,0.68,-1.53
1996-07-01,-4.35,-3.15,-4.55,-4.48,-6.19,-3.21,-3.61,-4.8,-5.72,-7.46,-6.14,-4.49,-4.9,-5.81,-7.43,-2.46,-8.35
1996-08-01,1.11,2.98,2.89,5.16,2.6,4.05,0.33,3.51,5.76,6.2,4.72,3.0,3.17,2.89,6.79,4.26,2.31
1996-09-01,4.62,-2.94,3.97,4.69,4.86,5.76,6.8,6.45,2.05,2.49,10.58,-0.26,3.47,0.68,2.62,5.84,5.36
1996-10-01,1.37,-1.48,6.22,-0.27,-1.96,1.06,1.88,1.07,-0.8,-1.17,0.89,4.59,1.76,3.6,-2.34,5.47,-2.05
1996-11-01,4.11,2.36,5.39,0.13,5.65,4.74,8.52,2.26,8.02,6.21,12.5,5.93,6.37,2.61,3.26,8.38,5.51
1996-12-01,-0.81,-1.66,0.65,2.12,-2.01,-1.83,-1.76,-0.56,-1.48,1.22,-2.47,-2.57,1.15,0.13,-4.16,-1.67,-0.38
1997-01-01,7.12,-3.14,4.12,5.34,4.44,4.25,9.93,3.7,4.91,3.64,8.57,2.41,2.01,0.92,0.52,6.63,4.27
1997-02-01,2.76,14.93,-5.71,2.7,2.22,0.88,2.88,-0.16,0.52,-2.7,-5.52,0.53,-1.54,-0.57,3.76,3.96,-1.22
1997-03-01,-4.05,-10.4,4.95,-4.08,-6.06,-2.11,-7.29,-4.34,-4.61,-3.99,-4.61,-4.26,-0.81,-2.78,0.11,-6.54,-6.08
1997-04-01,7.5,-4.59,0.05,-3.37,5.66,3.19,7.62,6.71,2.1,5.1,7.18,4.64,4.1,-1.39,2.18,5.98,3.59
1997-05-01,4.69,8.07,7.37,5.79,6.63,4.54,7.05,6.5,8.1,10.53,9.66,5.39,6.49,3.79,5.25,5.78,8.73
1997-06-01,3.19,2.61,1.23,3.49,4.42,6.7,8.26,4.79,4.32,3.61,1.88,2.83,3.56,3.06,5.92,6.05,3.85
1997-07-01,3.62,1.4,7.15,2.92,0.31,6.82,3.03,8.78,10.35,2.89,16.41,8.17,7.81,2.81,8.94,10.57,5.41
1997-08-01,-8.36,0.33,0.38,-3.8,-2.43,-4.56,-7.61,-6.37,-1.84,2.56,-1.69,1.08,-5.19,-1.16,-3.25,-5.68,-2.49
1997-09-01,7.17,5.15,6.22,5.92,4.48,0.46,5.85,5.5,1.19,1.14,4.54,5.41,6.1,4.64,4.65,8.24,5.55
1997-10-01,-3.51,-13.53,-1.93,-6.89,-3.85,-3.93,0.59,-1.02,-7.7,-4.61,-10.12,-3.17,-5.82,0.93,-2.75,-2.07,-2.43
1997-11-01,7.29,-8.81,-3.53,0.51,1.67,3.0,4.77,2.45,-3.46,1.82,2.8,-2.13,1.91,7.14,6.97,3.6,4.45
1997-12-01,3.66,-5.56,-1.26,-5.58,0.9,-0.03,4.46,3.74,1.7,0.79,-3.59,4.38,0.44,7.94,-1.34,5.71,1.15
1998-01-01,-2.62,-0.59,-5.67,-0.05,2.42,-2.79,4.79,1.37,2.37,-2.29,4.39,0.32,0.59,-4.4,1.26,-2.62,2.64
1998-02-01,4.37,3.99,6.91,9.74,8.27,7.69,5.47,8.74,5.82,8.51,8.01,12.77,7.54,2.63,11.75,8.95,6.65
1998-03-01,8.35,9.63,4.61,5.29,5.27,5.51,2.47,8.21,3.37,4.36,-0.89,6.04,3.46,6.75,7.11,5.95,7.44
1998-04-01,-3.43,3.32,3.81,2.27,3.27,2.77,0.84,-0.13,3.57,-2.9,4.68,1.59,-1.31,-2.52,-0.32,2.03,0.5
1998-05-01,1.89,-10.72,-4.09,-1.41,-3.49,1.12,-1.48,1.17,-7.23,-3.44,-6.08,9.67,-3.69,-0.88,2.82,-2.28,-4.29
1998-06-01,3.84,-3.98,-1.23,-0.09,-0.08,-3.51,7.33,1.27,-1.73,-6.94,2.76,2.93,-0.83,2.81,6.3,3.68,5.38
1998-07-01,-6.13,-2.24,-6.85,-10.42,-0.32,-9.23,-0.12,-3.73,-6.33,-6.92,0.98,-0.16,-5.78,-5.4,-2.38,-1.18,-1.46
1998-08-01,-14.71,-21.26,-10.47,-20.57,-14.08,-11.21,-9.82,-16.44,-18.5,-19.36,-14.75,-19.49,-17.6,1.96,-13.56,-22.01,-16.79
1998-09-01,-0.07,22.51,13.68,0.49,-3.05,0.64,10.47,0.09,9.15,-2.63,10.61,1.52,4.41,8.15,0.06,2.13,9.15
1998-10-01,12.39,1.2,1.17,5.24,9.81,1.32,6.47,10.94,8.22,11.41,10.05,11.72,10.73,-1.78,12.43,10.06,5.39
1998-11-01,4.91,1.67,0.22,6.23,2.93,4.05,5.65,8.13,-2.1,3.19,8.44,5.53,4.81,1.34,9.54,6.26,7.94
1998-12-01,-0.92,6.94,-1.42,4.4,1.07,-4.91,3.35,11.41,-0.77,-5.04,11.93,4.73,-1.76,2.86,9.11,3.17,11.94
1999-01-01,-2.67,5.92,-5.44,2.45,-0.69,-4.85,-1.49,5.85,3.69,-0.4,11.23,7.87,-0.63,-6.24,3.45,0.32,8.22
1999-02-01,-2.72,2.03,-3.33,-0.97,-3.61,1.55,-0.03,-4.94,-5.29,-2.06,-10.74,-4.2,1.17,-3.62,0.07,0.64,-5.54
1999-03-01,-2.56,13.45,14.1,-0.69,-1.42,3.71,1.65,4.75,-2.54,3.89,5.3,-1.6,3.41,-1.64,3.81,3.01,4.76
1999-04-01,3.4,22.34,15.64,8.51,13.32,22.25,-5.81,1.02,30.67,16.37,4.12,8.57,13.05,7.35,-0.04,6.33,4.38
1999-05-01,1.43,-10.6,-2.76,-1.65,-2.9,-6.06,-2.0,-2.68,-7.36,-0.15,-0.55,-5.37,-3.47,6.72,-4.08,-3.86,-0.8
1999-06-01,-1.86,-8.49,0.24,2.04,4.4,3.11,4.03,-0.45,8.8,1.76,11.56,-0.46,3.12,-4.48,8.02,2.78,7.32
1999-07-01,-1.51,-9.44,2.35,-8.03,-3.46,-0.12,-5.58,-1.65,-1.14,-0.86,1.86,-7.18,-1.36,-0.44,-6.09,-5.71,-3.77
1999-08-01,-2.94,5.35,1.32,-11.06,-4.91,-5.88,3.89,-3.92,-0.48,-6.43,7.18,3.1,-4.76,0.55,-6.06,-5.17,-2.36
1999-09-01,-9.45,-3.97,-3.66,0.31,-9.03,-5.52,-7.5,-1.62,-2.47,-3.04,-1.6,-6.19,-6.49,-4.33,1.43,-5.53,1.48
1999-10-01,12.52,9.83,-2.49,0.88,-1.67,2.26,10.51,4.99,1.02,-0.71,4.97,3.46,1.74,2.21,4.26,14.16,4.4
1999-11-01,1.12,0.14,3.55,-7.59,-1.87,-0.57,0.32,2.57,7.29,-3.94,8.16,-2.4,-4.62,-7.39,4.64,-3.67,7.64
1999-12-01,-7.12,13.64,0.78,3.63,1.56,6.83,-8.31,16.01,22.36,4.2,16.09,3.84,2.01,-2.28,2.97,-1.08,15.41
2000-01-01,-5.08,21.5,2.13,-11.03,-8.09,-8.91,3.57,-14.92,-2.42,-9.48,-0.16,-0.87,-9.62,6.03,-12.72,-4.53,-7.0
2000-02-01,-9.45,-3.83,-4.92,-9.65,-4.89,-7.54,-10.2,-1.31,7.23,-11.41,19.9,-7.93,-6.23,-7.16,-6.39,-8.79,5.14
2000-03-01,4.62,-3.47,12.97,20.85,2.98,12.78,1.06,12.24,3.43,13.46,8.01,10.33,11.48,5.94,15.13,16.97,3.0
2000-04-01,-0.03,-11.51,-1.5,4.16,1.43,-4.48,9.0,-6.16,-0.8,2.14,-3.2,10.05,4.84,7.48,-3.14,-3.69,-11.05
2000-05-01,13.08,-8.04,10.4,-5.03,-0.9,0.66,6.7,-10.01,-4.84,-2.54,-9.39,-13.69,-2.09,3.97,-1.78,4.98,-8.08
2000-06-01,3.86,6.6,-6.67,-7.93,-1.84,-6.31,8.42,-0.68,16.01,-6.25,10.65,-11.26,-5.8,-4.72,-2.42,-4.26,7.37
2000-07-01,1.82,-4.88,-1.31,5.37,-3.75,1.22,-7.11,-0.1,-6.2,4.03,-2.02,5.8,8.49,4.21,-3.38,8.64,-6.08
2000-08-01,-5.94,5.51,9.55,1.91,5.11,2.76,1.07,-0.75,25.05,8.77,14.36,5.71,3.5,11.76,-4.95,10.11,7.37
2000-09-01,5.27,-7.63,4.79,0.4,-12.5,-3.39,5.28,2.81,-12.27,-5.77,-18.32,-4.65,3.2,9.16,1.4,2.48,-6.54
2000-10-01,7.67,-2.35,-3.52,2.76,0.84,2.12,5.95,-6.08,-12.15,3.71,-5.5,3.31,11.05,-1.81,1.34,-0.51,-5.21
2000-11-01,4.38,4.98,-4.18,3.4,-4.84,1.11,2.86,-5.48,-15.68,-7.7,-23.37,-12.83,-0.03,3.06,1.95,-5.17,-14.87
2000-12-01,2.14,9.48,9.44,13.16,4.73,10.02,3.71,13.99,1.94,9.77,-7.05,-0.65,1.77,6.6,2.37,9.97,-2.39
2001-01-01,-4.71,1.63,-3.61,4.36,10.1,-5.0,-8.42,3.13,6.15,1.61,12.94,13.49,-0.29,-10.77,8.49,-0.49,9.59
2001-02-01,-1.66,4.58,-1.34,-10.07,0.85,-2.44,0.24,-4.31,-23.84,0.02,-28.99,-0.84,-0.26,6.16,-5.06,-5.13,-11.08
2001-03-01,-5.86,0.91,-1.14,-1.47,-3.36,-4.4,-6.99,-0.02,-8.38,-2.4,-12.34,-2.23,-6.02,1.24,-3.1,-3.32,-10.04
2001-04-01,-1.44,7.8,9.99,6.93,3.9,6.37,3.55,5.6,13.33,6.84,16.92,8.73,7.8,5.53,4.22,4.1,11.11
2001-05-01,3.69,5.85,-1.04,3.77,6.34,0.94,2.69,3.7,0.2,5.57,-5.51,-2.88,3.85,0.24,1.03,3.66,1.15
2001-06-01,-2.46,-5.9,-7.5,-1.15,0.37,-2.96,-4.37,-1.84,-7.3,-1.22,-1.23,4.97,-8.45,-6.05,-2.87,0.7,0.34
2001-07-01,2.6,-8.22,-2.34,1.26,-2.12,-3.36,3.27,4.36,-2.19,-1.78,-3.96,5.31,2.07,-3.83,4.88,-0.67,-5.61
2001-08-01,4.15,3.43,-4.66,-4.38,0.52,-1.33,-2.72,-3.97,-6.18,-1.08,-9.87,-12.92,-4.76,0.52,-7.73,-5.43,-8.67
2001-09-01,-1.98,-4.97,-6.46,-17.58,-16.73,-9.17,1.22,-14.55,-22.05,-16.83,-24.32,-15.28,-18.69,-6.58,-8.69,-5.7,-9.38
2001-10-01,1.35,1.88,2.49,7.26,6.36,3.37,0.64,2.88,2.43,7.44,18.48,0.15,5.16,1.87,3.62,-1.52,1.8
2001-11-01,0.71,-0.65,-5.98,9.59,6.43,10.89,3.4,16.26,15.75,9.31,19.22,16.93,8.67,-1.54,10.12,6.86,9.15
2001-12-01,2.27,4.56,5.63,7.59,3.88,-1.14,-2.92,7.43,-2.62,7.0,-2.01,-2.08,3.81,4.04,4.2,3.15,2.34
2002-01-01,-0.02,-0.61,-2.85,5.3,2.02,-1.58,-0.41,0.06,-0.25,-0.58,4.45,2.51,6.75,-4.34,3.43,-1.35,-4.7
2002-02-01,3.63,3.24,5.52,0.04,4.9,4.39,1.17,1.89,0.02,7.44,-13.03,2.39,4.9,-0.37,0.4,-1.11,-4.07
2002-03-01,4.08,9.3,7.7,4.25,5.37,5.12,-0.03,-1.02,6.04,9.64,9.89,7.58,3.08,10.28,2.47,6.21,2.71
2002-04-01,2.84,-0.85,-4.92,3.68,2.41,-5.13,-6.56,-0.4,-7.11,3.4,-7.21,1.27,-3.4,-0.41,-1.67,-1.11,-10.2
2002-05-01,0.78,6.24,-1.21,-1.33,-0.71,1.58,-1.26,-3.07,0.28,-2.66,-3.16,1.45,0.07,-6.91,-0.36,-0.15,-1.59
2002-06-01,-2.01,-8.17,-0.09,-2.06,-5.26,-1.35,-9.76,-5.29,-5.3,-2.54,-15.9,-8.11,0.37,-5.8,-4.2,-4.82,-8.66
2002-07-01,-8.38,-14.39,-11.83,-11.88,-10.27,-9.51,-1.72,-12.88,-20.38,-13.97,-9.38,-12.14,-8.19,-12.13,-11.16,-7.04,-7.72
2002-08-01,0.63,7.66,0.56,-1.27,3.73,1.77,2.58,2.04,-4.88,3.01,-3.5,-0.25,-4.84,3.41,0.57,2.26,-0.05
2002-09-01,-4.72,-7.83,-8.13,-6.08,-11.21,-10.54,-7.69,-12.46,-18.47,-8.17,-16.46,-10.2,-6.64,-10.84,-9.39,-10.41,-10.68
2002-10-01,4.92,-6.53,3.13,8.88,3.83,5.44,6.93,5.02,6.42,2.45,14.77,-4.65,0.95,-0.62,5.68,7.26,12.31
2002-11-01,-1.31,5.0,2.96,6.08,9.63,9.76,2.03,0.06,18.18,5.7,19.42,10.97,3.75,1.57,4.32,3.22,8.75
2002-12-01,-1.04,11.56,0.75,-4.85,-4.81,-4.57,-3.05,-4.87,-10.27,-3.03,-14.51,-8.32,-0.69,3.84,-7.76,-4.25,-7.79
2003-01-01,-4.48,-3.81,-2.34,-4.37,-4.89,-5.84,-1.32,-6.53,-4.76,-6.8,-2.32,-3.64,-5.24,-3.27,-4.23,-1.6,-2.56
2003-02-01,-3.65,-3.1,1.83,-3.21,-1.17,-4.03,-2.64,4.93,2.25,-1.26,3.68,-5.31,-5.98,-3.97,-2.6,-3.26,-2.12
2003-03-01,0.13,-3.15,1.57,4.79,0.67,3.95,2.99,2.28,-3.25,-0.73,-2.61,-1.98,0.79,4.31,5.92,0.2,1.05
2003-04-01,3.89,5.34,-0.39,8.17,6.94,9.93,3.9,9.77,10.22,8.44,11.26,16.77,9.58,7.31,9.02,11.13,8.76
2003-05-01,7.15,14.45,8.5,3.99,4.22,0.94,4.06,9.84,13.13,2.52,12.1,2.36,5.94,10.12,2.07,5.61,5.74
2003-06-01,0.64,5.73,-1.02,-0.65,-1.56,-1.57,5.04,0.93,2.15,0.77,0.11,1.22,2.5,0.74,3.54,0.65,1.37
2003-07-01,-0.37,6.49,-2.52,4.86,2.96,7.85,-3.26,0.1,6.92,6.61,9.2,7.23,3.28,-5.15,4.4,4.36,2.08
2003-08-01,-0.48,8.49,6.18,5.13,4.27,1.88,-2.75,6.06,4.62,4.27,7.93,7.94,3.53,1.92,7.34,-0.52,2.71
2003-09-01,0.67,-0.31,-2.17,-1.56,-5.75,-6.13,2.11,-1.14,-3.16,-2.97,-4.06,-4.27,-4.01,3.85,-5.69,0.58,-1.31
2003-10-01,4.65,13.29,1.56,10.99,8.49,6.58,1.55,12.32,19.21,11.42,13.24,6.96,9.47,1.51,8.9,6.96,4.07
2003-11-01,2.63,8.76,0.64,2.98,0.62,2.96,2.06,1.59,3.56,4.69,3.61,2.79,-0.79,0.95,-0.09,0.96,0.95
2003-12-01,3.48,7.14,13.46,0.92,2.33,9.65,5.48,0.94,10.65,7.11,0.47,11.81,5.51,5.85,-2.99,4.13,5.66
2004-01-01,-0.22,-9.06,0.32,-1.62,3.51,-1.45,1.78,-1.83,0.05,-1.36,2.75,-2.1,-1.51,1.91,0.22,3.4,3.6
2004-02-01,4.81,6.33,4.51,6.14,2.47,2.84,2.12,5.26,6.35,4.07,-2.92,0.22,-0.32,2.11,7.7,2.9,-1.08
2004-03-01,0.93,3.6,-0.06,2.41,-2.77,-1.77,-3.62,2.73,-4.51,3.92,-1.76,-1.52,-2.22,1.14,-0.38,-0.68,-1.72
2004-04-01,1.89,-13.58,2.67,-1.83,-4.26,-0.65,4.04,-5.08,-8.7,-2.59,-7.19,3.9,1.43,-3.56,-2.9,-4.42,-0.49
2004-05-01,-0.2,5.61,0.52,-0.17,1.03,0.65,-1.12,2.27,5.85,0.55,5.71,-1.68,1.62,1.25,0.16,1.58,0.8
2004-06-01,1.14,4.14,5.34,4.16,2.92,5.62,-0.65,0.29,9.36,5.49,2.2,4.33,7.37,2.03,-0.35,0.55,2.86
2004-07-01,-6.83,1.49,3.39,-4.98,-6.35,-3.05,-6.26,-4.15,-0.19,-4.43,-9.43,-5.13,-1.97,1.06,-2.33,-2.3,-4.34
2004-08-01,0.28,3.43,-1.36,0.16,1.48,3.01,2.78,5.14,-0.27,-0.45,-6.05,-2.79,-0.47,3.66,-1.96,3.12,-0.79
2004-09-01,-3.34,6.49,8.85,2.83,4.25,4.5,-4.06,6.01,7.86,4.52,2.69,0.96,2.27,1.38,2.33,0.12,3.0
2004-10-01,2.98,-1.62,0.65,5.15,-0.59,0.35,-2.25,1.94,-3.62,5.34,4.53,-2.84,2.5,4.24,2.95,0.62,2.02
2004-11-01,2.34,8.63,6.31,4.19,8.58,8.86,1.78,4.31,12.97,9.84,5.71,6.51,6.45,4.89,3.2,4.65,4.81
2004-12-01,5.04,-2.69,-2.29,5.47,3.84,2.78,5.81,5.15,-1.72,1.87,3.15,5.04,1.96,2.49,3.08,4.19,4.08
2005-01-01,-0.23,-0.98,2.98,-2.61,-4.07,-1.34,-3.87,0.95,-0.39,-3.07,-5.02,-7.07,-4.03,1.76,-0.46,-2.09,-4.0
2005-02-01,-0.18,10.99,19.54,2.04,0.24,8.61,3.55,2.31,9.82,0.85,3.33,1.34,3.25,2.36,0.38,-0.25,-0.74
2005-03-01,-0.97,-5.27,-3.43,-1.65,-3.11,-2.04,0.76,-3.63,-7.53,-3.94,-2.79,-8.19,0.78,0.61,1.25,-3.24,-1.28
2005-04-01,0.49,-8.88,-5.59,-7.26,-9.26,-7.4,3.4,-4.37,-9.91,-1.04,-4.79,-10.57,-3.68,2.13,-5.54,-0.87,-2.56
2005-05-01,2.47,5.18,1.92,6.48,5.2,0.23,1.23,7.39,0.21,3.14,9.63,9.21,5.09,1.66,6.24,3.33,3.14
2005-06-01,-2.61,5.84,5.74,5.33,1.14,-0.7,-1.11,2.24,-3.01,0.52,-0.81,2.55,-1.4,5.56,2.67,2.42,-1.09
2005-07-01,1.97,10.68,5.77,3.15,1.07,4.79,1.64,10.25,13.15,5.84,6.67,7.57,5.01,2.98,4.94,1.74,4.77
2005-08-01,-1.01,4.92,5.67,-3.34,-2.46,-6.26,0.22,-3.28,-0.76,-1.64,-0.97,-4.43,-1.89,1.25,-6.53,-1.45,-0.63
2005-09-01,0.43,12.03,7.21,-2.75,-3.83,-1.66,-0.27,0.69,3.08,-3.27,0.53,-5.85,2.5,4.38,-1.67,1.17,-0.45
2005-10-01,-1.07,-6.95,-10.16,-2.86,-3.22,2.45,-2.87,-4.5,-4.33,-3.2,-4.26,-4.58,-0.6,-6.85,2.24,2.52,-1.18
2005-11-01,0.76,5.32,1.0,5.9,6.88,3.45,0.2,5.39,12.83,6.47,6.95,0.99,5.99,-0.22,3.67,4.5,4.84
2005-12-01,-1.26,5.23,0.46,0.12,0.77,0.91,3.74,-1.28,3.67,-1.09,-0.59,-1.36,2.29,1.24,-0.84,0.29,-1.31
2006-01-01,0.46,17.35,12.49,0.76,4.46,3.02,1.96,5.75,14.93,5.51,5.8,4.75,3.84,3.03,1.55,1.29,2.13
2006-02-01,1.57,-8.28,-8.16,1.2,2.36,0.05,1.32,-0.72,-2.94,3.32,0.77,-1.76,3.04,0.22,0.8,1.61,0.03
2006-03-01,1.82,7.02,3.97,1.66,4.45,1.13,-0.54,1.37,12.14,3.12,2.61,1.78,4.1,-3.64,2.72,0.64,2.56
2006-04-01,1.13,11.55,4.22,-0.45,-2.46,2.53,-0.52,-1.59,7.67,-1.54,1.55,-1.21,2.11,1.85,-0.89,2.79,-0.48
2006-05-01,3.33,-8.21,-3.48,-3.27,-3.78,-2.19,-1.96,-6.73,-4.59,-5.01,-6.41,1.63,-1.76,1.5,-1.38,-3.59,-3.01
2006-06-01,-0.56,-1.33,3.04,0.34,-1.3,-1.07,1.19,-3.93,2.89,-1.61,-2.0,1.19,2.09,2.41,1.45,-0.42,-0.38
2006-07-01,2.62,-6.19,5.74,-3.06,-2.85,-4.49,4.68,-6.28,-4.15,-3.3,-5.04,-1.82,-6.75,4.83,-4.72,1.38,-1.46
2006-08-01,2.75,-2.49,-3.12,3.96,3.51,3.7,3.6,0.31,-2.6,2.48,6.97,2.65,-0.71,2.28,3.03,1.49,3.42
2006-09-01,0.21,-9.12,-3.54,8.48,4.51,2.11,0.81,1.01,0.17,2.37,2.45,4.96,3.89,-2.11,6.52,3.59,3.1
2006-10-01,0.63,10.95,4.97,7.42,6.97,6.1,1.82,4.67,11.05,7.31,2.83,4.75,4.53,5.36,3.72,2.03,4.7
2006-11-01,0.47,6.78,8.67,4.2,1.84,3.25,0.21,4.2,8.83,2.94,4.45,1.63,3.23,3.06,-2.43,0.91,1.65
2006-12-01,2.01,-5.62,-1.69,0.01,-0.31,1.12,0.66,1.58,-2.7,-0.16,-1.26,0.27,-1.07,0.73,1.34,3.77,1.94
2007-01-01,1.18,5.62,-1.42,3.35,1.78,3.43,3.06,3.51,9.91,2.65,1.61,4.38,4.24,0.51,3.4,0.37,2.4
2007-02-01,-1.69,5.68,-2.22,1.84,1.15,2.33,-2.81,-1.78,2.66,-0.88,-0.6,0.25,-0.94,4.14,-0.16,-2.51,-2.54
2007-03-01,2.89,2.77,5.99,0.36,0.04,1.96,0.74,-4.69,6.31,2.16,0.65,-0.04,0.05,4.33,1.27,-0.37,1.02
2007-04-01,4.09,8.2,4.89,2.05,7.26,1.86,5.33,2.38,3.34,4.83,5.97,5.55,4.13,3.94,2.6,3.64,3.45
2007-05-01,2.33,7.77,6.96,5.3,1.76,4.88,1.41,6.27,10.52,6.14,4.78,2.46,5.23,1.2,1.85,2.82,3.7
2007-06-01,-0.87,-1.94,1.15,-0.47,-2.95,2.24,-3.63,-3.83,-3.5,0.36,1.93,3.6,-2.13,-4.83,-2.18,-3.64,-1.02
2007-07-01,-2.87,1.24,-0.79,-4.46,-6.77,-0.97,-3.96,-6.02,-2.68,-1.02,0.62,-6.55,0.9,-3.72,-5.17,-7.55,-2.49
2007-08-01,3.12,-3.4,0.31,-2.74,-2.08,2.53,3.13,0.47,-2.66,2.12,3.63,-1.39,-1.56,1.84,1.01,1.61,0.76
2007-09-01,5.94,13.14,7.76,1.54,-1.69,5.58,2.92,-6.47,8.54,1.05,3.94,2.94,3.76,3.54,0.7,1.91,3.97
2007-10-01,2.71,11.93,2.44,-0.83,0.22,3.79,1.92,0.76,2.53,2.28,2.96,2.21,0.9,6.83,1.28,-1.45,3.3
2007-11-01,1.05,-7.83,-4.6,-8.07,-6.98,-4.34,2.09,-9.25,-5.93,-3.97,-6.15,-10.68,-3.69,-0.72,-2.28,-6.21,-5.81
2007-12-01,0.33,2.89,7.57,-7.18,-3.84,4.69,-3.67,-2.15,1.06,-3.23,1.29,-1.37,-1.66,0.9,-2.8,-4.13,-0.42
2008-01-01,-7.34,-5.33,-9.28,0.22,-4.24,-5.84,-5.28,4.34,-10.94,-7.0,-13.8,-5.23,-1.57,-6.93,-1.1,-1.13,-6.94
2008-02-01,1.95,9.66,6.8,-4.3,-5.99,4.88,-0.83,-8.32,6.78,-1.48,-0.49,-6.44,-3.38,-3.02,-4.35,-10.84,-3.84
2008-03-01,2.18,-6.72,-2.79,2.88,0.01,-1.63,-0.77,1.49,-0.51,2.91,0.54,-2.51,-0.44,0.81,2.65,-3.93,0.32
2008-04-01,0.37,12.72,10.37,3.12,-0.57,9.74,-2.58,4.7,7.37,7.9,6.99,11.47,7.37,6.39,5.77,5.52,2.54
2008-05-01,1.77,10.41,3.55,2.91,1.73,3.1,2.54,0.5,8.52,4.8,6.43,-0.3,2.33,3.58,0.75,-4.22,2.77
2008-06-01,-6.78,7.52,2.01,-12.74,-11.14,-3.89,-4.66,-12.36,-7.33,-10.39,-9.08,-18.22,-12.54,-0.4,-7.41,-17.53,-9.28
2008-07-01,2.84,-17.24,-15.32,-4.41,8.88,-1.38,5.48,1.17,-11.68,-3.88,-2.11,-1.41,3.51,-7.13,0.84,7.2,1.05
2008-08-01,0.49,-6.12,0.26,9.35,4.15,-3.45,3.22,8.86,-6.88,2.87,2.41,1.25,3.09,-0.43,4.71,-0.02,2.16
2008-09-01,-1.14,-30.35,-10.88,-1.35,-5.5,-19.58,-4.42,-7.82,-30.96,-13.79,-16.98,-9.89,-11.38,-11.94,-4.99,-4.32,-8.69
2008-10-01,-13.0,-32.77,-16.26,-22.53,-25.82,-22.0,-9.77,-19.62,-32.41,-23.14,-21.01,-27.91,-14.27,-11.12,-14.61,-20.19,-17.52
2008-11-01,-3.49,-8.51,1.11,-15.37,-11.25,-17.76,-3.91,-3.93,-12.21,-4.31,-10.39,-7.2,-11.01,1.23,-7.47,-14.32,-8.85
2008-12-01,-0.13,8.94,-2.4,4.35,1.95,-2.51,4.24,2.78,16.36,7.46,1.77,2.53,2.78,-2.04,4.67,1.5,2.29
2009-01-01,-3.34,-6.04,-3.62,-12.9,-15.91,-5.62,-5.39,-12.32,-16.64,-9.77,-4.79,-11.1,-10.03,-0.82,-8.4,-21.23,-6.39
2009-02-01,-6.76,-0.65,-12.58,-9.99,-17.94,-8.12,-9.34,-10.62,-19.26,-8.35,-8.49,-3.4,-15.69,-12.59,-1.75,-15.38,-8.74
2009-03-01,5.33,11.86,3.98,16.43,9.8,16.5,6.24,14.72,12.32,4.99,12.87,11.03,7.25,2.79,10.32,14.74,8.39
2009-04-01,2.63,7.46,4.26,23.93,29.63,20.0,-0.46,17.57,25.89,18.94,15.82,32.58,16.08,2.09,8.18,17.1,11.08
2009-05-01,6.75,21.12,9.82,2.16,1.56,8.05,7.79,-5.54,9.56,-1.32,2.09,-6.28,5.52,4.63,-0.37,10.02,2.97
2009-06-01,0.67,-8.92,-4.57,-3.49,1.57,-7.27,2.06,-0.15,3.36,2.59,3.22,4.65,-1.39,4.63,-0.96,-1.8,2.36
2009-07-01,6.05,12.85,5.0,13.63,16.88,16.98,6.63,14.33,3.76,5.32,12.12,16.48,7.15,4.41,5.8,8.65,6.78
2009-08-01,0.21,3.02,0.73,3.27,7.41,1.71,1.39,3.85,3.65,3.52,2.25,-0.58,6.06,0.25,4.13,10.0,2.42
2009-09-01,3.75,11.45,4.73,11.39,6.69,7.42,3.67,-1.68,6.45,6.4,6.3,-0.72,4.73,2.24,2.57,1.35,5.15
2009-10-01,-0.33,0.66,2.57,-2.96,-2.79,-4.22,-0.55,-6.74,-12.11,-2.61,-3.16,-1.52,-5.28,-2.71,1.5,-4.94,-3.33
2009-11-01,4.54,13.86,3.02,1.82,4.54,10.02,7.71,4.91,7.5,1.46,4.78,11.44,10.24,4.57,4.66,4.39,5.99
2009-12-01,1.49,-1.44,-0.76,5.01,4.63,2.65,0.96,6.11,15.7,5.15,6.35,5.77,3.78,5.86,0.56,0.31,4.37
2010-01-01,-2.15,-12.94,-4.79,-3.63,-3.5,-4.33,-0.47,-2.88,-12.49,-2.91,-7.34,0.36,-2.13,-4.44,-1.29,-0.65,-3.91
2010-02-01,1.75,12.41,2.32,7.18,9.8,5.77,1.33,5.92,4.48,7.35,7.27,6.6,6.16,-0.42,3.69,2.91,2.57
2010-03-01,4.97,7.33,3.2,11.24,5.51,7.46,3.25,5.55,11.99,5.33,7.78,8.83,8.99,3.12,6.5,8.31,6.2
2010-04-01,-1.35,-0.75,4.31,4.92,6.89,2.56,-1.98,10.81,-2.94,3.43,4.83,6.56,2.92,2.85,1.34,1.13,1.42
2010-05-01,-4.85,-8.0,-10.14,-6.28,-5.42,-10.62,-6.24,-8.11,-7.47,-8.96,-8.07,-7.19,-7.55,-6.29,-5.72,-9.1,-8.03
2010-06-01,-1.96,-7.0,-6.23,-9.76,-8.74,-8.07,-0.09,-14.13,-13.29,-6.34,-5.97,-8.09,-7.22,-0.7,-9.19,-7.23,-4.81
2010-07-01,6.69,9.65,7.37,8.15,3.94,14.83,3.44,4.78,8.26,10.4,7.53,16.4,9.68,6.81,4.92,6.56,7.21
2010-08-01,-0.63,-0.46,-3.33,-7.35,-3.82,0.02,-0.39,-4.53,-8.75,-3.21,-9.1,-8.68,-6.66,0.37,-3.4,-8.48,-4.27
2010-09-01,3.2,11.76,8.99,17.33,11.61,9.95,7.03,10.57,12.16,10.8,14.19,12.59,10.12,3.65,12.47,7.24,10.44
2010-10-01,4.01,8.06,4.57,3.4,1.63,8.97,2.92,-1.03,4.66,7.59,5.02,9.46,5.54,1.86,2.42,1.69,4.47
2010-11-01,-0.23,5.96,5.15,8.42,5.43,0.66,-4.07,2.04,2.93,3.37,2.15,7.58,0.72,-1.33,5.05,-0.28,-1.11
2010-12-01,4.55,14.13,9.23,1.14,6.55,7.29,4.44,13.3,13.31,6.06,6.08,7.39,3.92,3.22,1.61,10.56,6.85
2011-01-01,-1.95,-4.87,7.2,-3.55,-2.04,1.72,-1.91,3.75,4.02,2.45,4.95,-0.31,2.59,2.2,-1.82,2.54,2.25
2011-02-01,2.89,0.96,8.01,8.38,3.98,5.03,3.74,2.4,3.95,2.67,2.82,-2.49,1.86,2.43,1.59,2.72,4.16
2011-03-01,2.22,2.69,1.69,-3.45,5.21,1.65,1.95,1.69,0.76,3.02,-1.01,2.12,2.94,0.92,0.91,-1.58,0.45
2011-04-01,4.11,-1.22,1.77,7.85,5.2,5.14,6.5,-0.23,0.52,2.08,2.64,1.74,2.99,4.0,5.12,0.67,3.11
2011-05-01,1.85,-5.76,-4.49,0.79,0.77,-3.61,3.13,-3.05,-5.3,-0.22,-2.93,-2.7,-0.81,1.32,1.52,-2.67,-1.01
2011-06-01,-0.01,-3.21,-2.18,3.09,0.78,-0.36,-2.72,-2.4,-1.95,-0.89,-2.88,-0.89,0.08,-0.34,-1.01,-2.31,-1.44
2011-07-01,-1.64,0.3,0.51,1.78,-6.22,-1.65,-2.06,-5.61,-6.23,-5.85,-2.25,-8.66,-5.62,-0.33,0.67,-3.91,-2.81
2011-08-01,-0.28,-6.77,-9.7,-5.89,-7.15,-8.58,0.35,-7.12,-13.21,-6.27,-7.8,-9.34,-6.88,0.17,-2.58,-9.33,-6.03
2011-09-01,-4.44,-24.51,-11.76,-5.79,-13.17,-16.77,-3.18,-9.61,-20.57,-12.18,-7.77,-11.77,-7.3,-1.61,-3.19,-11.29,-6.17
2011-10-01,3.96,22.03,16.03,16.38,16.58,18.36,4.78,15.58,18.15,17.87,14.74,21.04,13.03,6.7,8.77,13.5,10.17
2011-11-01,0.56,-0.09,2.38,-3.55,-3.4,-1.19,2.6,6.34,-1.45,3.82,-1.22,-7.13,1.69,1.0,0.21,-3.16,-0.68
2011-12-01,2.08,-8.35,-0.01,-2.11,-2.7,0.26,3.87,3.06,-5.25,-4.01,-1.46,-0.91,0.89,2.93,0.48,1.76,0.6
2012-01-01,0.67,11.99,1.05,9.49,10.34,11.48,-1.11,7.51,12.34,6.28,11.52,12.63,5.73,-2.71,3.26,7.37,5.46
2012-02-01,0.99,-4.36,6.66,6.32,10.39,1.91,3.55,5.64,-2.69,5.5,6.64,5.11,1.7,1.31,2.81,6.51,4.11
2012-03-01,3.7,-7.14,-3.09,1.76,4.53,2.47,3.85,5.65,0.65,1.98,3.62,0.77,0.43,1.48,4.75,7.0,3.28
2012-04-01,0.84,-0.73,-1.57,-0.09,-4.19,0.33,0.28,2.15,-4.26,-1.11,-2.72,-3.85,0.63,1.73,1.07,-2.35,-0.41
2012-05-01,-1.5,-14.58,-10.34,-5.48,-11.22,-9.53,-2.77,-6.47,-14.56,-5.49,-8.54,-7.78,-4.78,-0.91,-1.51,-9.21,-5.36
2012-06-01,3.85,6.36,5.82,-9.6,-0.85,3.26,5.08,6.22,4.76,0.0,1.39,-6.03,3.5,3.4,2.16,4.62,5.19
2012-07-01,0.33,-4.07,3.07,1.84,2.07,-1.28,3.04,-2.89,-1.32,2.87,1.23,0.46,-0.85,3.62,1.67,-1.1,0.21
2012-08-01,-0.15,5.01,2.4,8.12,6.24,2.79,-0.44,8.89,-1.21,0.77,5.32,2.93,0.48,-3.44,2.55,4.18,2.57
2012-09-01,1.09,8.58,3.84,0.02,3.26,1.06,2.8,5.61,3.84,3.85,-0.21,2.63,-1.08,2.11,1.73,3.64,4.3
2012-10-01,-1.84,3.31,-2.18,-0.68,2.27,-2.66,-0.56,3.25,-0.78,-0.73,-5.94,6.12,2.16,1.09,-2.38,1.91,-3.52
2012-11-01,3.4,-3.67,-1.29,3.93,1.92,2.53,0.96,5.05,2.58,2.77,1.68,4.0,1.44,-3.76,0.66,-0.95,1.42
2012-12-01,-1.29,0.44,1.23,0.11,0.5,4.41,-1.78,0.71,6.6,1.66,0.34,5.66,2.72,0.08,-1.47,4.43,1.58
2013-01-01,5.28,0.49,7.68,2.87,8.51,4.97,7.98,8.31,4.2,5.28,1.02,3.19,5.25,5.05,4.84,6.24,6.39
2013-02-01,3.98,-6.93,0.77,1.85,2.47,-0.73,2.01,-0.13,-2.69,2.97,0.04,0.52,3.44,2.2,0.5,1.18,1.78
2013-03-01,6.3,1.2,2.2,3.34,5.97,1.09,4.59,3.17,2.09,3.86,2.19,3.74,5.27,5.68,5.37,4.52,4.21
2013-04-01,2.92,-9.65,-1.31,8.23,0.6,3.28,3.25,1.74,-4.38,-1.85,-0.87,4.41,0.36,5.13,3.07,1.62,1.78
2013-05-01,-3.0,0.31,3.06,1.07,2.7,3.29,-0.35,6.02,3.87,6.1,5.38,8.95,4.38,-7.11,1.17,7.22,2.67
2013-06-01,0.87,-10.93,-2.12,0.88,-2.23,-4.78,-0.87,-4.34,-4.7,-2.38,-3.56,0.23,-0.11,0.82,0.38,-0.48,-1.13
2013-07-01,3.1,1.79,5.09,2.66,3.89,6.73,6.35,3.96,7.04,8.15,5.13,8.37,5.69,4.58,5.86,6.52,5.87
2013-08-01,-3.87,3.78,-1.96,-2.08,-2.53,-0.4,-4.1,-3.7,-2.85,-1.43,-2.59,-1.12,-2.52,-4.42,-4.63,-4.25,-1.2
2013-09-01,0.61,1.92,2.04,7.39,6.26,5.02,2.93,5.26,8.35,5.65,4.74,5.99,6.87,1.04,4.44,3.01,4.35
2013-10-01,4.95,5.89,4.81,2.67,5.82,3.3,5.07,4.29,8.23,4.83,2.75,0.53,5.18,3.34,5.6,3.29,4.37
2013-11-01,1.5,-4.64,0.9,6.57,4.01,1.44,3.67,2.11,1.69,2.86,2.23,1.81,5.14,-1.8,4.12,6.11,2.91
2013-12-01,2.44,6.8,3.04,1.31,2.89,5.53,0.36,3.64,6.56,3.98,4.68,1.41,2.9,1.79,-0.67,2.62,3.33
2014-01-01,-4.31,-7.04,-6.82,-7.18,-8.61,-4.06,-2.39,-4.44,-5.5,-5.86,-1.37,-3.25,-2.02,2.49,-7.45,-4.25,-2.2
2014-02-01,3.27,5.48,5.72,4.89,3.84,7.63,6.02,6.94,2.57,5.56,4.59,8.89,3.56,3.08,5.12,3.23,4.71
2014-03-01,3.12,-0.69,2.57,-0.08,0.81,1.1,0.0,-2.82,3.63,-0.25,1.75,-1.37,1.07,2.68,-0.53,2.53,-1.26
2014-04-01,1.34,3.7,5.61,-3.28,-1.3,-0.03,2.15,-2.43,0.66,2.31,-0.63,0.71,1.09,3.98,-0.96,-3.57,-0.6
2014-05-01,3.85,-2.72,1.15,2.08,-0.59,2.52,1.06,1.73,-1.75,-0.22,2.28,0.43,3.88,0.0,0.39,1.7,3.12
2014-06-01,1.8,5.59,4.16,0.74,1.93,0.52,1.31,2.17,4.87,2.91,4.09,4.11,-0.02,5.41,1.05,3.1,2.08
2014-07-01,-5.16,-0.57,-3.45,-1.35,-5.46,-3.18,-2.14,-4.65,2.41,-7.45,-2.79,-4.41,-3.09,-6.4,-1.88,-2.07,0.07
2014-08-01,6.24,1.66,2.42,4.27,4.72,4.31,4.74,9.88,6.12,2.53,4.59,4.81,4.92,5.31,4.05,3.85,3.86
2014-09-01,-0.32,-10.82,-7.69,3.21,-4.44,-2.19,1.6,-3.44,-4.74,-4.59,-3.23,-9.15,0.14,-3.37,-0.84,-0.55,-1.82
2014-10-01,2.12,-8.47,-4.25,1.54,5.33,-1.85,4.32,5.05,2.22,5.74,1.4,4.21,4.39,6.71,1.42,3.78,3.09
2014-11-01,5.27,-0.61,-9.71,8.74,3.43,1.4,3.47,3.92,-2.33,0.42,3.48,4.83,5.35,0.26,9.24,1.8,2.96
2014-12-01,-2.82,-7.86,0.77,-0.63,0.26,-0.09,-1.41,4.02,-6.66,1.19,0.22,1.34,0.66,1.86,0.93,2.14,-1.25
2015-01-01,-1.13,-6.81,-4.1,-3.22,-0.77,-2.33,-0.08,-2.11,-9.48,-6.37,-6.22,-5.94,-2.37,1.24,0.19,-7.76,-2.09
2015-02-01,4.36,14.38,4.8,6.86,4.77,8.51,4.4,8.55,3.57,9.83,7.17,7.75,4.33,-4.35,5.33,8.0,7.37
2015-03-01,-1.06,-7.58,-2.36,1.48,-1.24,-3.56,-1.5,0.1,-2.88,0.7,-3.12,0.03,-2.1,-0.32,0.72,0.2,-1.32
2015-04-01,-0.29,12.1,6.5,-2.23,-0.2,1.76,0.28,-4.72,4.08,0.47,0.21,-0.36,-2.55,0.28,-1.75,0.73,1.12
2015-05-01,1.91,-5.96,-5.02,0.35,0.66,0.74,3.04,2.94,-3.87,0.07,3.32,0.9,-1.12,-0.46,0.67,3.12,1.52
2015-06-01,-1.87,-7.59,-3.73,4.01,-0.91,-2.99,-1.6,-0.38,-5.35,-1.84,-4.7,-1.15,-3.06,-5.29,-0.21,1.48,-1.38
2015-07-01,3.81,-13.78,-8.81,4.91,-0.06,-5.43,4.16,2.65,-8.25,-3.49,-1.42,-0.97,1.8,2.65,6.55,1.94,2.42
2015-08-01,-3.68,-1.06,-3.82,-3.72,-6.4,-6.71,-7.12,-2.45,-4.4,-2.06,-5.81,-4.96,-5.66,-4.06,-6.32,-6.53,-6.66
2015-09-01,-0.33,-8.2,-5.81,-0.45,-6.67,-8.13,-2.84,-3.8,-10.62,-7.58,-3.31,-1.14,-1.31,-0.5,-1.82,-3.18,-3.24
2015-10-01,6.45,7.31,12.3,1.62,7.59,16.07,8.28,7.77,5.9,8.77,8.71,6.19,7.4,2.09,4.27,5.78,9.31
2015-11-01,0.03,-4.99,0.93,-1.52,-0.05,1.57,-0.6,5.79,-0.89,0.55,1.19,0.27,-0.73,-3.44,0.32,2.18,0.53
2015-12-01,1.35,-6.26,-9.79,-4.0,-3.39,-4.6,1.86,-2.96,-2.64,-2.34,-2.38,-3.76,-3.62,-2.36,0.93,-2.88,-2.28
2016-01-01,-1.38,-5.28,-4.47,0.82,-6.17,-12.62,-4.55,-6.34,-9.7,-3.59,-7.3,-9.68,-8.65,4.67,-3.72,-9.79,-5.66
2016-02-01,0.4,12.16,-2.84,1.2,5.81,7.44,-0.91,-0.4,7.38,3.17,2.79,2.98,5.55,1.75,-0.35,-3.01,-0.18
2016-03-01,5.09,13.76,10.7,2.67,9.28,7.43,3.01,10.69,17.74,7.15,8.17,9.85,5.62,7.86,5.14,6.62,7.61
2016-04-01,0.48,15.93,9.19,-1.72,-1.11,4.56,3.0,0.18,9.86,1.5,-1.02,0.54,1.51,-0.8,-0.72,4.15,-1.6
2016-05-01,1.41,-4.41,-0.73,-4.4,1.4,-1.5,1.77,1.89,-8.49,1.05,3.94,-1.24,-1.72,2.24,0.84,2.2,2.74
2016-06-01,5.01,7.87,2.64,0.97,-0.15,-0.99,3.17,-1.76,2.56,-1.74,-0.46,-4.18,-0.87,7.42,1.11,-5.32,-0.51
2016-07-01,0.04,7.48,-2.73,2.57,7.27,5.04,3.41,5.64,13.73,3.94,7.3,7.41,4.85,-0.26,3.26,4.06,5.16
2016-08-01,-0.61,-9.24,1.62,1.08,1.46,3.3,-2.98,-2.07,-7.67,2.57,2.33,-1.25,0.36,-3.77,-0.84,4.92,0.27
2016-09-01,-1.99,2.42,2.84,-6.55,-4.53,-1.59,-1.06,-3.68,2.46,2.0,3.18,-0.42,1.27,1.83,0.37,-1.49,0.85
2016-10-01,-0.69,-0.12,-3.09,-5.52,-4.4,-0.38,-3.75,-5.8,-2.92,-3.01,-3.31,-3.45,0.48,-0.67,-3.09,1.54,-2.48
2016-11-01,-4.32,12.73,9.53,1.9,7.87,7.9,-0.44,7.55,21.63,7.05,5.94,6.28,11.21,-2.64,2.79,13.26,2.68
2016-12-01,4.22,-2.02,2.06,-0.56,-0.02,0.64,2.05,1.33,-2.15,-0.03,0.79,3.14,0.51,3.61,-1.41,3.86,1.67
2017-01-01,0.31,10.68,-4.17,0.8,-0.96,2.95,1.65,3.98,3.49,2.07,3.24,2.87,1.92,1.07,0.97,0.52,3.85
2017-02-01,2.55,-7.65,-2.45,2.87,2.88,3.34,7.37,3.13,9.16,1.03,3.83,0.34,4.34,3.98,3.0,4.56,3.75
2017-03-01,0.62,-2.33,-1.24,0.82,0.54,2.25,0.35,3.23,-6.19,1.54,1.22,-0.47,-2.28,0.37,0.84,-2.33,1.28
2017-04-01,1.13,-1.58,-2.73,-0.66,3.1,0.5,-0.66,3.65,-0.56,3.02,1.67,0.39,2.93,0.33,3.73,0.17,1.83
2017-05-01,2.35,-1.69,-3.28,-1.44,2.17,-0.44,2.83,-2.62,-4.6,1.33,3.45,-1.11,2.82,2.43,2.54,-1.13,1.63
2017-06-01,-2.58,-0.43,-0.13,8.46,2.22,1.51,1.91,2.03,-0.19,1.44,-1.87,1.18,2.54,-1.91,-2.48,5.95,-0.02
2017-07-01,1.64,8.23,1.88,1.44,-4.76,1.97,0.15,-1.34,1.31,0.86,2.97,-1.62,0.3,2.99,0.77,1.85,2.94
2017-08-01,-1.8,0.79,-5.12,-4.32,-3.76,1.63,0.59,-0.38,1.67,-1.42,1.33,0.86,1.63,2.17,-1.24,-1.29,1.7
2017-09-01,-0.27,-1.12,10.98,1.22,4.48,7.06,0.55,7.83,3.73,7.38,5.71,7.53,4.75,-1.95,0.85,5.27,0.27
2017-10-01,0.98,1.23,0.41,3.05,-1.64,4.79,-3.66,4.08,2.23,1.76,6.17,1.16,-0.24,3.02,3.92,3.37,2.56
2017-11-01,4.25,0.86,2.88,7.3,3.83,2.32,2.66,6.98,-1.39,0.38,2.4,2.52,5.56,2.42,8.48,3.96,1.8
2017-12-01,1.3,11.37,5.1,3.81,-2.31,0.57,1.9,3.84,13.21,0.61,0.33,-0.52,3.1,-4.98,1.67,1.03,0.62
2018-01-01,1.85,3.23,2.86,6.57,2.22,1.67,1.12,3.65,3.6,1.9,7.33,4.8,6.66,-2.81,10.46,6.13,7.06
2018-02-01,-6.64,-2.42,-10.91,-2.95,-5.07,-5.39,-5.16,-9.67,-2.0,-5.25,-1.02,-6.34,-3.25,-4.54,-3.07,-2.59,-2.39
2018-03-01,-0.99,-0.98,3.11,0.44,-2.65,-1.95,-0.29,-0.44,-5.87,-0.21,-1.4,-5.02,-2.52,3.17,-3.08,-3.44,-3.38
2018-04-01,-2.0,-2.71,10.25,2.18,0.55,2.31,-3.57,-1.08,3.68,-1.58,-3.36,-0.16,-1.06,2.78,4.8,1.15,0.0
2018-05-01,-0.53,4.03,3.45,3.46,0.84,2.76,-1.11,2.85,5.6,1.95,5.28,4.42,4.15,0.22,-0.04,0.38,4.91
2018-06-01,5.1,-1.46,0.45,6.51,1.91,-0.78,2.19,2.07,-5.14,-4.33,-3.17,1.08,-3.37,2.61,3.27,-1.02,1.32
2018-07-01,2.32,-1.95,1.07,0.0,2.26,4.44,6.43,2.23,4.25,8.17,3.51,-0.68,7.62,1.69,3.26,4.25,2.71
2018-08-01,-0.49,-9.59,-2.91,4.98,2.11,-0.27,2.86,2.16,-3.23,2.86,3.59,1.12,0.59,0.93,9.31,2.44,5.66
2018-09-01,-0.34,-2.21,3.45,0.61,0.87,-3.08,2.95,0.16,-0.69,4.49,0.17,-4.0,3.61,-0.56,0.47,-2.06,0.17
2018-10-01,-0.01,-9.39,-11.96,-11.06,-12.3,-13.0,-2.3,-13.9,-11.62,-11.79,-11.21,-0.84,-10.04,-0.07,-8.18,-5.49,-7.97
2018-11-01,3.27,-1.9,-2.25,-0.77,3.43,4.46,4.54,2.93,-2.99,6.41,3.0,4.87,3.85,3.28,2.3,2.82,0.26
2018-12-01,-9.7,-7.18,-13.19,-7.95,-11.63,-8.01,-7.64,-6.84,-14.79,-10.79,-8.36,-9.1,-13.37,-4.76,-9.55,-11.56,-8.53
2019-01-01,5.7,8.8,10.3,12.32,12.37,5.65,4.29,8.81,17.09,12.54,8.82,7.51,11.99,5.42,8.92,9.86,8.7
2019-02-01,-1.53,5.81,2.54,5.61,6.99,3.78,4.78,3.45,2.27,6.33,7.41,4.6,6.63,3.56,-0.28,2.75,3.77
2019-03-01,3.76,4.61,2.1,-0.66,-0.65,-1.8,2.36,2.45,-4.66,-0.12,2.0,-2.7,-3.16,3.33,3.88,-2.5,2.33
2019-04-01,4.48,-0.99,0.08,5.09,3.98,5.54,-1.83,6.38,-2.64,4.93,5.23,2.64,4.87,1.0,4.66,7.13,4.69
2019-05-01,-3.45,-8.77,-11.84,-10.5,-7.88,-13.62,-3.5,-8.53,-15.46,-6.54,-11.84,-10.33,-8.32,-1.55,-5.71,-5.57,-6.25
2019-06-01,4.69,13.99,8.9,9.06,10.25,2.14,5.2,9.29,16.04,9.93,11.1,10.27,7.11,3.64,6.88,6.19,7.06
2019-07-01,1.15,-3.01,-2.62,1.06,4.45,-0.11,-1.01,2.0,-2.6,1.68,1.31,0.98,0.32,-1.01,0.8,3.13,2.25
2019-08-01,2.5,-3.33,-8.83,-5.2,-1.35,-6.45,-0.52,4.38,-12.03,-0.53,-4.3,-6.04,-2.32,3.44,-0.47,-4.83,-2.13
2019-09-01,1.18,2.48,3.86,8.89,-0.18,5.07,0.38,3.42,7.09,0.37,3.88,5.62,1.39,3.93,-0.01,2.68,0.37
2019-10-01,-1.43,1.3,-2.06,-1.39,4.16,-2.79,2.99,2.31,3.54,0.21,3.37,6.34,-0.79,-1.39,0.06,3.37,3.44
2019-11-01,1.29,3.01,1.18,4.21,0.33,4.17,2.65,-0.31,6.08,4.05,3.52,2.92,4.27,-2.14,2.65,5.74,5.4
2019-12-01,3.23,9.24,6.24,7.05,1.29,1.41,4.09,0.07,0.78,1.38,4.72,5.51,-1.97,4.11,1.45,2.64,2.71
2020-01-01,1.1,-6.46,-11.97,-5.38,-3.49,-7.86,-0.36,1.47,-15.31,1.18,-2.15,4.94,0.77,4.83,1.73,-2.46,2.02
2020-02-01,-8.94,-9.4,-15.51,-9.47,-12.75,-10.17,-7.6,-7.06,-10.51,-5.76,-7.28,-6.54,-11.47,-9.85,-6.59,-10.68,-6.33
2020-03-01,-10.28,-13.68,-34.66,-20.19,-16.75,-18.64,-2.37,-20.29,-22.21,-17.99,-11.45,-22.71,-22.99,-12.94,-4.25,-20.18,-11.48
2020-04-01,8.79,18.8,32.84,11.19,19.1,17.84,10.32,18.01,11.63,9.26,13.09,26.73,9.21,5.08,18.44,11.92,13.85
2020-05-01,2.83,2.9,0.44,11.35,5.44,8.48,2.14,14.67,5.82,7.62,7.78,9.12,6.55,4.6,2.24,3.65,6.63
2020-06-01,-0.87,8.13,-0.42,3.1,6.78,1.34,-2.15,2.39,4.64,3.63,2.95,11.47,1.95,-5.0,5.24,-0.34,4.07
2020-07-01,5.73,9.19,-4.96,-0.15,12.48,6.82,4.53,9.2,2.24,2.96,6.29,18.26,1.95,6.35,9.98,1.97,6.49
2020-08-01,4.09,5.05,-1.15,12.21,5.96,4.7,3.62,7.69,8.26,8.79,5.57,39.32,10.33,-2.24,8.53,4.9,9.38
2020-09-01,-1.8,-1.09,-15.38,5.72,4.46,0.29,-2.56,0.0,-4.91,-0.17,-0.74,-9.24,-0.86,-0.32,-4.41,-4.09,-4.6
2020-10-01,-3.27,6.81,-4.59,-1.54,4.16,-0.53,-5.23,-3.57,7.31,5.77,-0.56,-3.83,-4.6,4.47,-2.7,-0.8,-2.34
2020-11-01,9.86,7.89,28.94,14.78,13.96,13.1,7.22,6.46,19.13,16.01,14.17,30.88,19.95,2.68,8.31,16.32,11.4
2020-12-01,3.59,8.58,6.22,4.67,10.36,4.85,3.65,0.03,6.45,2.71,4.08,15.39,1.12,0.63,1.45,6.92,5.08
2021-01-01,-4.75,1.04,4.74,-4.59,3.24,1.17,-0.37,2.11,-4.79,-1.02,2.52,9.84,-5.26,-0.44,-0.05,-2.81,-0.24
2021-02-01,0.27,9.07,24.17,4.73,1.88,3.38,-1.58,-0.23,17.42,4.68,4.27,-8.75,8.45,-4.57,-2.45,10.75,2.23
2021-03-01,7.43,2.16,2.38,0.78,-1.36,7.34,4.78,14.72,22.29,2.76,3.36,2.06,9.2,10.37,3.44,5.87,0.85
2021-04-01,3.28,5.21,0.48,5.0,3.91,2.44,0.81,6.89,2.85,4.82,1.93,5.04,3.11,3.97,7.59,6.21,6.43
2021-05-01,2.15,10.07,6.21,-0.53,3.93,5.02,2.12,-0.44,14.45,-3.48,2.0,-5.59,2.63,-1.16,-2.56,3.19,-1.07
2021-06-01,-2.17,-9.11,5.78,7.68,5.88,-5.29,2.09,-1.96,-6.12,2.3,4.48,5.29,-3.68,-1.41,3.83,-2.26,4.85
2021-07-01,-0.02,1.38,-8.97,4.47,-0.88,-0.58,3.81,1.92,7.2,0.43,1.53,0.34,-3.31,2.97,-0.6,0.21,2.72
2021-08-01,-0.29,-2.58,-1.3,-0.56,-3.69,0.02,2.24,1.83,3.54,5.23,3.51,1.98,-0.67,3.23,3.02,2.86,3.92
2021-09-01,-3.28,-8.1,11.38,-9.11,-8.0,-4.63,-6.05,-3.71,-10.64,-5.6,-5.72,4.04,-2.11,-4.86,-5.43,-1.54,-5.75
2021-10-01,3.66,8.68,10.33,11.73,3.52,7.66,3.87,11.42,10.13,3.73,7.57,30.9,6.04,5.11,3.77,7.08,5.51
2021-11-01,-3.1,-0.17,-5.34,-0.06,-7.97,-1.38,-1.05,5.32,-6.28,0.23,6.77,2.69,-5.41,-1.96,1.16,-5.67,-2.81
2021-12-01,10.15,9.1,2.92,-3.21,2.33,6.05,10.22,6.41,9.8,2.55,2.45,-3.79,7.54,8.55,-0.07,4.72,2.47
2022-01-01,-0.04,-5.45,18.12,-11.18,-14.24,-4.99,-3.18,-12.22,-10.34,-3.88,-10.9,-9.86,-3.24,-2.1,-8.87,-0.69,-7.43
2022-02-01,0.2,11.85,8.25,-5.89,-3.26,-0.38,-3.01,-8.04,23.9,-2.06,-1.42,-6.89,2.75,-1.1,-0.21,-1.62,-4.13
2022-03-01,1.24,10.01,9.85,-1.14,-4.98,4.96,4.84,-5.82,15.54,-0.17,3.18,15.49,2.15,9.67,4.17,-1.06,2.98
2022-04-01,3.01,-12.05,-1.39,-6.41,-10.07,-4.4,1.29,-1.17,-6.42,-8.69,-13.75,-16.32,-9.29,-3.71,-12.26,-7.98,-11.41
2022-05-01,-1.75,-3.22,15.85,-6.31,-0.81,6.53,1.15,1.44,-8.17,-3.15,2.59,-8.19,-3.22,4.79,-6.05,2.88,-2.16
2022-06-01,-1.18,-17.07,-16.7,-11.86,-10.29,-15.67,-1.7,-10.71,-21.15,-7.81,-12.31,-10.26,-6.3,-6.54,-8.06,-9.05,-7.1
2022-07-01,3.98,1.29,10.44,11.56,8.98,7.22,-0.31,12.56,20.45,12.43,14.02,26.44,7.56,6.3,16.93,7.4,9.46
2022-08-01,-1.66,-2.81,3.27,-6.17,-5.88,-1.06,-4.76,-3.97,-1.3,-9.42,-7.56,-5.34,-1.41,0.15,-3.52,-2.15,-3.98
2022-09-01,-7.5,-6.0,-9.19,-17.37,-14.74,-10.98,-2.4,-6.35,-18.0,-8.77,-11.27,-5.88,-13.07,-11.62,-7.97,-7.68,-10.01
2022-10-01,10.32,8.5,24.0,10.8,3.08,9.3,8.64,7.29,19.94,12.34,8.89,-4.46,11.73,3.51,1.88,12.73,6.5
2022-11-01,4.25,17.08,0.84,17.07,4.91,10.02,5.2,8.94,13.97,6.2,11.68,-7.52,8.56,6.78,2.57,4.79,4.05
2022-12-01,-3.15,-4.24,-4.08,-0.25,-5.45,-6.43,-0.79,-3.45,-7.59,-5.7,-6.66,-25.62,-3.77,-1.21,-9.39,-5.54,-6.49
2023-01-01,-1.91,14.84,2.7,9.3,13.96,11.14,-2.58,7.11,22.16,12.87,9.46,24.03,6.65,-1.24,12.13,6.36,8.09
2023-02-01,-1.46,-5.14,-7.03,-6.29,-0.89,-4.66,-4.66,-3.62,2.08,3.0,0.7,10.48,-0.29,-5.32,-5.7,-2.84,-1.94
2023-03-01,3.71,1.53,-0.29,3.84,-0.72,-4.55,2.96,0.24,-8.08,-1.7,6.65,-0.3,0.13,3.89,4.92,-8.67,7.15
2023-04-01,3.18,-2.73,2.7,2.29,-0.49,-1.65,5.1,4.03,-6.84,-1.91,-5.07,-12.66,-1.52,1.72,2.41,1.97,2.31
2023-05-01,-4.46,-6.22,-9.63,-13.5,-6.19,-8.23,-3.72,-3.16,-8.48,-3.58,8.93,11.5,-1.99,-5.82,2.08,-3.77,2.87
2023-06-01,1.29,12.17,6.3,7.29,11.47,9.9,5.71,13.9,20.22,15.51,8.63,22.27,9.62,2.61,6.77,5.85,5.81
2023-07-01,2.31,8.13,7.44,1.1,3.46,5.04,-0.99,4.78,3.41,2.63,5.34,1.88,4.96,2.79,2.32,6.4,3.05
2023-08-01,-4.24,-5.72,2.05,-5.96,1.39,-4.89,2.42,-1.34,-1.57,1.01,-0.47,-3.89,-4.19,-5.29,-0.17,-3.61,-2.29
2023-09-01,-4.96,-5.06,3.06,-4.7,-7.34,-5.97,-4.39,-8.42,-4.58,-6.11,-7.35,-2.52,-6.76,-5.04,-5.82,-2.03,-5.18
2023-10-01,-3.4,-4.57,-6.17,3.84,-10.76,-6.55,-1.74,-6.34,-4.01,-5.41,-6.46,-16.05,-2.39,1.12,1.91,-1.78,-1.26
2023-11-01,4.34,8.62,-1.67,10.55,7.52,5.14,4.51,12.97,11.15,12.46,11.75,14.92,10.75,5.08,6.82,10.25,10.61
2023-12-01,2.86,10.15,-0.03,5.01,8.7,7.8,2.1,12.88,9.66,7.4,10.02,5.0,7.27,1.69,5.4,6.76,3.93
2024-01-01,-0.81,-4.36,-0.19,-5.06,-3.24,-5.88,4.44,-1.24,0.9,-1.55,4.99,-15.7,-2.01,-3.0,1.19,0.74,2.16
2024-02-01,1.49,1.88,3.05,6.2,3.95,2.3,5.45,9.32,4.87,11.62,12.81,7.42,5.29,2.43,10.21,3.63,3.21
2024-03-01,3.48,15.32,10.47,-5.74,5.7,6.33,1.95,5.54,5.49,4.94,6.83,-4.39,2.06,7.03,2.14,4.82,1.39
2024-04-01,-1.42,2.8,-0.61,-6.64,-7.85,-4.98,-3.24,-10.03,-9.28,-1.08,-4.95,-1.65,-5.18,1.57,-3.34,-4.17,-4.76
2024-05-01,-0.27,3.22,-0.63,4.98,2.02,5.87,3.28,2.12,4.44,-1.03,11.7,-1.7,2.78,8.01,3.31,3.54,4.61
2024-06-01,-2.46,-6.73,-2.03,-12.17,-3.76,-6.03,2.96,-2.43,-5.77,-5.13,6.14,6.72,0.4,-4.23,4.71,-0.28,5.32
2024-07-01,3.81,4.49,1.99,-0.77,5.47,4.75,-0.58,11.76,6.66,9.15,-1.78,10.36,4.06,6.36,-1.67,7.7,0.54
2024-08-01,3.78,-3.11,-2.92,5.31,-0.97,0.46,8.05,0.66,-6.85,4.9,0.19,-4.44,2.31,4.55,1.71,2.5,2.59
2024-09-01,1.11,7.33,-3.36,5.52,2.13,3.99,-3.32,6.89,1.84,5.27,2.84,12.27,1.3,5.35,3.72,-0.51,2.63
2024-10-01,-5.04,-3.35,-0.46,-6.72,-2.45,-3.05,-3.63,-3.91,-1.52,-0.7,0.64,-3.26,-0.39,0.71,-0.91,2.64,-0.82
2024-11-01,0.71,-0.7,6.51,7.99,4.42,0.56,0.94,8.87,10.48,18.6,3.27,28.31,6.43,6.18,10.04,12.03,6.16
2024-12-01,-4.93,-11.98,-8.72,1.4,-5.85,-10.98,-5.43,-12.17,-17.99,-9.02,-0.2,9.79,-6.71,-7.83,0.59,-7.33,-1.36
